[{"pk": 24, "model": "contenttypes.contenttype", "fields": {"model": "argcomment", "name": "arg comment", "app_label": "comments"}}, {"pk": 26, "model": "contenttypes.contenttype", "fields": {"model": "blog", "name": "blog", "app_label": "blog"}}, {"pk": 11, "model": "contenttypes.contenttype", "fields": {"model": "comment", "name": "comment", "app_label": "comments"}}, {"pk": 5, "model": "contenttypes.contenttype", "fields": {"model": "contenttype", "name": "content type", "app_label": "contenttypes"}}, {"pk": 23, "model": "contenttypes.contenttype", "fields": {"model": "debate", "name": "debate", "app_label": "comments"}}, {"pk": 15, "model": "contenttypes.contenttype", "fields": {"model": "draw", "name": "draw", "app_label": "comments"}}, {"pk": 29, "model": "contenttypes.contenttype", "fields": {"model": "fcommessage", "name": "fcom message", "app_label": "comments"}}, {"pk": 18, "model": "contenttypes.contenttype", "fields": {"model": "forgotten", "name": "forgotten", "app_label": "profiles"}}, {"pk": 2, "model": "contenttypes.contenttype", "fields": {"model": "group", "name": "group", "app_label": "auth"}}, {"pk": 8, "model": "contenttypes.contenttype", "fields": {"model": "logentry", "name": "log entry", "app_label": "admin"}}, {"pk": 16, "model": "contenttypes.contenttype", "fields": {"model": "logitem", "name": "log item", "app_label": "items"}}, {"pk": 1, "model": "contenttypes.contenttype", "fields": {"model": "message", "name": "message", "app_label": "auth"}}, {"pk": 25, "model": "contenttypes.contenttype", "fields": {"model": "nvote", "name": "n vote", "app_label": "comments"}}, {"pk": 4, "model": "contenttypes.contenttype", "fields": {"model": "permission", "name": "permission", "app_label": "auth"}}, {"pk": 27, "model": "contenttypes.contenttype", "fields": {"model": "post", "name": "post", "app_label": "blog"}}, {"pk": 28, "model": "contenttypes.contenttype", "fields": {"model": "postcomment", "name": "post comment", "app_label": "blog"}}, {"pk": 17, "model": "contenttypes.contenttype", "fields": {"model": "profile", "name": "profile", "app_label": "profiles"}}, {"pk": 6, "model": "contenttypes.contenttype", "fields": {"model": "session", "name": "session", "app_label": "sessions"}}, {"pk": 7, "model": "contenttypes.contenttype", "fields": {"model": "site", "name": "site", "app_label": "sites"}}, {"pk": 20, "model": "contenttypes.contenttype", "fields": {"model": "tags", "name": "tags", "app_label": "items"}}, {"pk": 14, "model": "contenttypes.contenttype", "fields": {"model": "tcdmessage", "name": "tcd message", "app_label": "comments"}}, {"pk": 10, "model": "contenttypes.contenttype", "fields": {"model": "topic", "name": "topic", "app_label": "items"}}, {"pk": 22, "model": "contenttypes.contenttype", "fields": {"model": "topiccomment", "name": "topic comment", "app_label": "comments"}}, {"pk": 3, "model": "contenttypes.contenttype", "fields": {"model": "user", "name": "user", "app_label": "auth"}}, {"pk": "1ee1bdb8648f264237219ae45bed21e0", "model": "sessions.session", "fields": {"expire_date": "2008-07-22 20:49:12", "session_data": "gAJ9cQEoVRJfYXV0aF91c2VyX2JhY2tlbmRxAlUpZGphbmdvLmNvbnRyaWIuYXV0aC5iYWNrZW5k\ncy5Nb2RlbEJhY2tlbmRxA1UNX2F1dGhfdXNlcl9pZHEEigEJdS45ZTIwM2E4YWM5YzJjOGIzZGE1\nZWExODFiM2U2NTYzYQ==\n"}}, {"pk": "2f486cb8ab88246630544d32780f958d", "model": "sessions.session", "fields": {"expire_date": "2009-12-27 23:04:13", "session_data": "gAJ9cQEoVRJfYXV0aF91c2VyX2JhY2tlbmRxAlUpZGphbmdvLmNvbnRyaWIuYXV0aC5iYWNrZW5k\ncy5Nb2RlbEJhY2tlbmRxA1UNX2F1dGhfdXNlcl9pZHEEigENdS5kZDUyYjgwODI0MDM4NDA4NDg3\nOWU5ZWFjMzI5ZTQyNw==\n"}}, {"pk": "30e8c0bb92ae63af88bf2d6c21da2233", "model": "sessions.session", "fields": {"expire_date": "2009-06-15 20:21:21", "session_data": "gAJ9cQEoVRJfYXV0aF91c2VyX2JhY2tlbmRxAlUpZGphbmdvLmNvbnRyaWIuYXV0aC5iYWNrZW5k\ncy5Nb2RlbEJhY2tlbmRxA1UNX2F1dGhfdXNlcl9pZHEEigEBdS44MzI4NDE0Y2FjMGRiYzhjZDQy\nNGZkNTA1ZGY4YTE1Mg==\n"}}, {"pk": "32d353ee11fe0b90d13214e36af4f997", "model": "sessions.session", "fields": {"expire_date": "2008-09-29 21:07:47", "session_data": "gAJ9cQEoVRJfYXV0aF91c2VyX2JhY2tlbmRxAlUpZGphbmdvLmNvbnRyaWIuYXV0aC5iYWNrZW5k\ncy5Nb2RlbEJhY2tlbmRxA1UNX2F1dGhfdXNlcl9pZHEEigEBdS44MzI4NDE0Y2FjMGRiYzhjZDQy\nNGZkNTA1ZGY4YTE1Mg==\n"}}, {"pk": "52b962ba937b682bfde434614f6bf5d4", "model": "sessions.session", "fields": {"expire_date": "2010-03-21 13:19:03", "session_data": "gAJ9cQEoVRJfYXV0aF91c2VyX2JhY2tlbmRxAlUpZGphbmdvLmNvbnRyaWIuYXV0aC5iYWNrZW5k\ncy5Nb2RlbEJhY2tlbmRxA1UNX2F1dGhfdXNlcl9pZHEEigEBdS44MzI4NDE0Y2FjMGRiYzhjZDQy\nNGZkNTA1ZGY4YTE1Mg==\n"}}, {"pk": "5dd4b6c1d6745a82667bda4ed6e84f19", "model": "sessions.session", "fields": {"expire_date": "2008-11-02 07:39:24", "session_data": "gAJ9cQEuMDRmYTJhMzYwN2E4ZWMxZjA0MjA4ZTE3YzRmYjQyNTg=\n"}}, {"pk": "605ea8fd1572ebd464894193b6511117", "model": "sessions.session", "fields": {"expire_date": "2009-07-26 09:44:07", "session_data": "gAJ9cQEoVRJfYXV0aF91c2VyX2JhY2tlbmRxAlUpZGphbmdvLmNvbnRyaWIuYXV0aC5iYWNrZW5k\ncy5Nb2RlbEJhY2tlbmRxA1UNX2F1dGhfdXNlcl9pZHEEigEEdS41YmEyZDkyZjc4YzMwZThhOWM4\nMzkyMmRjNDFlYjA5MQ==\n"}}, {"pk": "7d1e4718351de4f543807d713291bfde", "model": "sessions.session", "fields": {"expire_date": "2008-07-26 21:06:49", "session_data": "gAJ9cQEoVQp0ZXN0Y29va2llcQJVBndvcmtlZHEDVRJfYXV0aF91c2VyX2JhY2tlbmRxBFUpZGph\nbmdvLmNvbnRyaWIuYXV0aC5iYWNrZW5kcy5Nb2RlbEJhY2tlbmRxBVUNX2F1dGhfdXNlcl9pZHEG\nigEDdS4yOWIyMzQzZjVkZjFhMzNjYjhjZjc3OGQ5MTMxMTJhNQ==\n"}}, {"pk": "87013c55b570717c1fbe152364bb9e89", "model": "sessions.session", "fields": {"expire_date": "2009-05-18 17:47:23", "session_data": "gAJ9cQEoVRJfYXV0aF91c2VyX2JhY2tlbmRxAlUpZGphbmdvLmNvbnRyaWIuYXV0aC5iYWNrZW5k\ncy5Nb2RlbEJhY2tlbmRxA1UNX2F1dGhfdXNlcl9pZHEEigEBdS44MzI4NDE0Y2FjMGRiYzhjZDQy\nNGZkNTA1ZGY4YTE1Mg==\n"}}, {"pk": "c9ad8ad04d879db866136b8dcc02504a", "model": "sessions.session", "fields": {"expire_date": "2009-02-12 17:46:50", "session_data": "gAJ9cQEoVRJfYXV0aF91c2VyX2JhY2tlbmRxAlUpZGphbmdvLmNvbnRyaWIuYXV0aC5iYWNrZW5k\ncy5Nb2RlbEJhY2tlbmRxA1UNX2F1dGhfdXNlcl9pZHEEigEDdS42ZTAzYjMxOTE4ODE2MTljOWM5\nNmU2ZGE5YTc0MDcxZg==\n"}}, {"pk": "caf096312ce78a6a03831b4acf41f30b", "model": "sessions.session", "fields": {"expire_date": "2008-12-19 07:07:27", "session_data": "gAJ9cQEoVRJfYXV0aF91c2VyX2JhY2tlbmRxAlUpZGphbmdvLmNvbnRyaWIuYXV0aC5iYWNrZW5k\ncy5Nb2RlbEJhY2tlbmRxA1UNX2F1dGhfdXNlcl9pZHEEigEDdS42ZTAzYjMxOTE4ODE2MTljOWM5\nNmU2ZGE5YTc0MDcxZg==\n"}}, {"pk": "cddda46114ade646f438b061ca155a13", "model": "sessions.session", "fields": {"expire_date": "2009-04-08 05:42:46", "session_data": "gAJ9cQEoVRJfYXV0aF91c2VyX2JhY2tlbmRxAlUpZGphbmdvLmNvbnRyaWIuYXV0aC5iYWNrZW5k\ncy5Nb2RlbEJhY2tlbmRxA1UNX2F1dGhfdXNlcl9pZHEEigEBdS44MzI4NDE0Y2FjMGRiYzhjZDQy\nNGZkNTA1ZGY4YTE1Mg==\n"}}, {"pk": "d368a91bf6c0035a45f0b9e6b9021688", "model": "sessions.session", "fields": {"expire_date": "2009-12-31 23:18:05", "session_data": "gAJ9cQEoVRJfYXV0aF91c2VyX2JhY2tlbmRxAlUpZGphbmdvLmNvbnRyaWIuYXV0aC5iYWNrZW5k\ncy5Nb2RlbEJhY2tlbmRxA1UNX2F1dGhfdXNlcl9pZHEEigENdS5kZDUyYjgwODI0MDM4NDA4NDg3\nOWU5ZWFjMzI5ZTQyNw==\n"}}, {"pk": "d38bd4a0d7a3c59241b7fc9efe2b729f", "model": "sessions.session", "fields": {"expire_date": "2009-07-05 07:44:18", "session_data": "gAJ9cQEoVRJfYXV0aF91c2VyX2JhY2tlbmRxAlUpZGphbmdvLmNvbnRyaWIuYXV0aC5iYWNrZW5k\ncy5Nb2RlbEJhY2tlbmRxA1UNX2F1dGhfdXNlcl9pZHEEigEBdS44MzI4NDE0Y2FjMGRiYzhjZDQy\nNGZkNTA1ZGY4YTE1Mg==\n"}}, {"pk": "f99cf583073b1955911e2bf8bf68c030", "model": "sessions.session", "fields": {"expire_date": "2010-03-06 17:17:09", "session_data": "gAJ9cQEoVRJfYXV0aF91c2VyX2JhY2tlbmRxAlUpZGphbmdvLmNvbnRyaWIuYXV0aC5iYWNrZW5k\ncy5Nb2RlbEJhY2tlbmRxA1UNX2F1dGhfdXNlcl9pZHEEigEBdS44MzI4NDE0Y2FjMGRiYzhjZDQy\nNGZkNTA1ZGY4YTE1Mg==\n"}}, {"pk": "fc994829c3dfba1b1ec575bd076e0356", "model": "sessions.session", "fields": {"expire_date": "2010-02-18 06:52:05", "session_data": "gAJ9cQEoVRJfYXV0aF91c2VyX2JhY2tlbmRxAlUpZGphbmdvLmNvbnRyaWIuYXV0aC5iYWNrZW5k\ncy5Nb2RlbEJhY2tlbmRxA1UNX2F1dGhfdXNlcl9pZHEEigEBdS44MzI4NDE0Y2FjMGRiYzhjZDQy\nNGZkNTA1ZGY4YTE1Mg==\n"}}, {"pk": 1, "model": "sites.site", "fields": {"domain": "example.com", "name": "example.com"}}, {"pk": 131, "model": "admin.logentry", "fields": {"action_flag": 2, "action_time": "2010-02-12 20:49:22", "object_repr": "gabe", "object_id": "1", "change_message": "Changed tags, feedcoms, feedtops and feeddebs.", "user": 1, "content_type": 17}}, {"pk": 130, "model": "admin.logentry", "fields": {"action_flag": 2, "action_time": "2010-02-07 13:21:04", "object_repr": "gabe", "object_id": "1", "change_message": "Changed rate.", "user": 1, "content_type": 17}}, {"pk": 129, "model": "admin.logentry", "fields": {"action_flag": 2, "action_time": "2010-02-07 10:55:06", "object_repr": "gabe", "object_id": "1", "change_message": "Changed rate.", "user": 1, "content_type": 17}}, {"pk": 128, "model": "admin.logentry", "fields": {"action_flag": 2, "action_time": "2010-02-07 10:53:49", "object_repr": "gabe", "object_id": "1", "change_message": "Changed rate.", "user": 1, "content_type": 17}}, {"pk": 127, "model": "admin.logentry", "fields": {"action_flag": 2, "action_time": "2010-02-07 10:28:53", "object_repr": "gabe", "object_id": "1", "change_message": "Changed last_post.", "user": 1, "content_type": 17}}, {"pk": 126, "model": "admin.logentry", "fields": {"action_flag": 2, "action_time": "2010-02-07 10:28:47", "object_repr": "gabe", "object_id": "1", "change_message": "Changed rate.", "user": 1, "content_type": 17}}, {"pk": 125, "model": "admin.logentry", "fields": {"action_flag": 2, "action_time": "2010-02-07 10:13:09", "object_repr": "gabe", "object_id": "1", "change_message": "Changed rate.", "user": 1, "content_type": 17}}, {"pk": 124, "model": "admin.logentry", "fields": {"action_flag": 2, "action_time": "2010-02-07 10:12:37", "object_repr": "gabe", "object_id": "1", "change_message": "Changed rate.", "user": 1, "content_type": 17}}, {"pk": 123, "model": "admin.logentry", "fields": {"action_flag": 2, "action_time": "2010-02-07 10:08:08", "object_repr": "gabe", "object_id": "1", "change_message": "Changed last_post and rate.", "user": 1, "content_type": 17}}, {"pk": 122, "model": "admin.logentry", "fields": {"action_flag": 2, "action_time": "2010-02-07 09:19:33", "object_repr": "gabe", "object_id": "1", "change_message": "Changed rate.", "user": 1, "content_type": 17}}, {"pk": 121, "model": "admin.logentry", "fields": {"action_flag": 2, "action_time": "2010-02-07 09:17:58", "object_repr": "gabe", "object_id": "1", "change_message": "No fields changed.", "user": 1, "content_type": 17}}, {"pk": 120, "model": "admin.logentry", "fields": {"action_flag": 2, "action_time": "2010-02-06 21:13:14", "object_repr": "gabe", "object_id": "1", "change_message": "Changed rate.", "user": 1, "content_type": 17}}, {"pk": 119, "model": "admin.logentry", "fields": {"action_flag": 2, "action_time": "2010-02-06 21:12:57", "object_repr": "gabe", "object_id": "1", "change_message": "Changed rate.", "user": 1, "content_type": 17}}, {"pk": 118, "model": "admin.logentry", "fields": {"action_flag": 2, "action_time": "2010-02-06 21:12:38", "object_repr": "gabe", "object_id": "1", "change_message": "Changed rate.", "user": 1, "content_type": 17}}, {"pk": 117, "model": "admin.logentry", "fields": {"action_flag": 2, "action_time": "2010-02-06 21:12:19", "object_repr": "gabe", "object_id": "1", "change_message": "Changed rate.", "user": 1, "content_type": 17}}, {"pk": 116, "model": "admin.logentry", "fields": {"action_flag": 2, "action_time": "2010-02-06 21:05:48", "object_repr": "gabe", "object_id": "1", "change_message": "Changed tags, last_post and rate.", "user": 1, "content_type": 17}}, {"pk": 115, "model": "admin.logentry", "fields": {"action_flag": 2, "action_time": "2010-02-06 21:04:36", "object_repr": "test", "object_id": "2", "change_message": "Changed rate.", "user": 1, "content_type": 17}}, {"pk": 114, "model": "admin.logentry", "fields": {"action_flag": 2, "action_time": "2010-02-06 21:00:55", "object_repr": "test", "object_id": "2", "change_message": "Changed rate.", "user": 1, "content_type": 17}}, {"pk": 113, "model": "admin.logentry", "fields": {"action_flag": 2, "action_time": "2010-02-06 20:58:05", "object_repr": "test", "object_id": "2", "change_message": "Changed rate.", "user": 1, "content_type": 17}}, {"pk": 112, "model": "admin.logentry", "fields": {"action_flag": 2, "action_time": "2010-02-06 20:55:57", "object_repr": "test", "object_id": "2", "change_message": "Changed rate.", "user": 1, "content_type": 17}}, {"pk": 111, "model": "admin.logentry", "fields": {"action_flag": 2, "action_time": "2010-02-06 20:54:56", "object_repr": "test", "object_id": "2", "change_message": "Changed tags and rate.", "user": 1, "content_type": 17}}, {"pk": 110, "model": "admin.logentry", "fields": {"action_flag": 2, "action_time": "2010-02-04 19:42:07", "object_repr": "That's Debatable", "object_id": "1", "change_message": "Changed tagline_txt.", "user": 1, "content_type": 26}}, {"pk": 109, "model": "admin.logentry", "fields": {"action_flag": 2, "action_time": "2010-01-31 14:53:12", "object_repr": "That's Debatable", "object_id": "1", "change_message": "No fields changed.", "user": 1, "content_type": 26}}, {"pk": 108, "model": "admin.logentry", "fields": {"action_flag": 2, "action_time": "2010-01-26 11:32:39", "object_repr": "Post object", "object_id": "3", "change_message": "Changed html and pub_date.", "user": 1, "content_type": 27}}, {"pk": 107, "model": "admin.logentry", "fields": {"action_flag": 1, "action_time": "2010-01-24 16:32:48", "object_repr": "Blog object", "object_id": "1", "change_message": "", "user": 1, "content_type": 26}}, {"pk": 106, "model": "admin.logentry", "fields": {"action_flag": 2, "action_time": "2009-11-14 22:43:15", "object_repr": "384", "object_id": "384", "change_message": "Changed cflaggers, needs_review and comment_html.", "user": 1, "content_type": 11}}, {"pk": 105, "model": "admin.logentry", "fields": {"action_flag": 2, "action_time": "2009-11-14 22:42:25", "object_repr": "384", "object_id": "384", "change_message": "Changed cflaggers and comment_html.", "user": 1, "content_type": 11}}, {"pk": 104, "model": "admin.logentry", "fields": {"action_flag": 2, "action_time": "2009-11-14 22:31:42", "object_repr": "384", "object_id": "384", "change_message": "Changed needs_review and comment_html.", "user": 1, "content_type": 11}}, {"pk": 103, "model": "admin.logentry", "fields": {"action_flag": 2, "action_time": "2009-11-12 19:52:53", "object_repr": "Tags object", "object_id": "12", "change_message": "Changed tags.", "user": 1, "content_type": 20}}, {"pk": 102, "model": "admin.logentry", "fields": {"action_flag": 2, "action_time": "2009-11-12 19:52:11", "object_repr": "test", "object_id": "2", "change_message": "Changed tags.", "user": 1, "content_type": 17}}, {"pk": 101, "model": "admin.logentry", "fields": {"action_flag": 2, "action_time": "2009-11-12 19:50:13", "object_repr": "test", "object_id": "2", "change_message": "Changed tags.", "user": 1, "content_type": 17}}, {"pk": 100, "model": "admin.logentry", "fields": {"action_flag": 2, "action_time": "2009-11-12 19:42:22", "object_repr": "Tags object", "object_id": "36", "change_message": "Changed tags.", "user": 1, "content_type": 20}}, {"pk": 99, "model": "admin.logentry", "fields": {"action_flag": 3, "action_time": "2009-11-10 06:24:48", "object_repr": "Tags object", "object_id": "10", "change_message": "", "user": 1, "content_type": 20}}, {"pk": 98, "model": "admin.logentry", "fields": {"action_flag": 3, "action_time": "2009-11-10 06:24:36", "object_repr": "Tags object", "object_id": "11", "change_message": "", "user": 1, "content_type": 20}}, {"pk": 97, "model": "admin.logentry", "fields": {"action_flag": 2, "action_time": "2009-11-09 20:13:14", "object_repr": "gabe", "object_id": "1", "change_message": "Changed tags.", "user": 1, "content_type": 17}}, {"pk": 96, "model": "admin.logentry", "fields": {"action_flag": 3, "action_time": "2009-10-16 19:15:35", "object_repr": "test space", "object_id": "11", "change_message": "", "user": 1, "content_type": 3}}, {"pk": 95, "model": "admin.logentry", "fields": {"action_flag": 2, "action_time": "2009-10-15 16:56:06", "object_repr": "Is it weird to go to a bar by yourself? : AskReddit", "object_id": "33", "change_message": "Changed needs_review and tags.", "user": 1, "content_type": 10}}, {"pk": 94, "model": "admin.logentry", "fields": {"action_flag": 1, "action_time": "2008-06-25 18:25:49", "object_repr": "41", "object_id": "41", "change_message": "", "user": 1, "content_type": 11}}, {"pk": 93, "model": "admin.logentry", "fields": {"action_flag": 1, "action_time": "2008-06-15 07:37:06", "object_repr": "17", "object_id": "17", "change_message": "", "user": 1, "content_type": 14}}, {"pk": 92, "model": "admin.logentry", "fields": {"action_flag": 1, "action_time": "2008-06-15 07:35:10", "object_repr": "16", "object_id": "16", "change_message": "", "user": 1, "content_type": 14}}, {"pk": 91, "model": "admin.logentry", "fields": {"action_flag": 1, "action_time": "2008-06-14 19:59:23", "object_repr": "15", "object_id": "15", "change_message": "", "user": 1, "content_type": 14}}, {"pk": 90, "model": "admin.logentry", "fields": {"action_flag": 1, "action_time": "2008-06-14 19:58:36", "object_repr": "14", "object_id": "14", "change_message": "", "user": 1, "content_type": 14}}, {"pk": 89, "model": "admin.logentry", "fields": {"action_flag": 1, "action_time": "2008-06-14 19:45:20", "object_repr": "13", "object_id": "13", "change_message": "", "user": 1, "content_type": 14}}, {"pk": 88, "model": "admin.logentry", "fields": {"action_flag": 2, "action_time": "2008-06-14 19:37:49", "object_repr": "12", "object_id": "12", "change_message": "Changed comment, comment html, pub date, is removed, is first, arg proper and is read.", "user": 1, "content_type": 14}}, {"pk": 87, "model": "admin.logentry", "fields": {"action_flag": 2, "action_time": "2008-06-14 19:36:19", "object_repr": "11", "object_id": "11", "change_message": "Changed comment, comment html, pub date, is removed, is first, arg proper and is read.", "user": 1, "content_type": 14}}, {"pk": 86, "model": "admin.logentry", "fields": {"action_flag": 2, "action_time": "2008-06-14 19:36:02", "object_repr": "10", "object_id": "10", "change_message": "Changed comment, comment html, pub date, is removed, is first, arg proper and is read.", "user": 1, "content_type": 14}}, {"pk": 85, "model": "admin.logentry", "fields": {"action_flag": 2, "action_time": "2008-06-14 19:35:18", "object_repr": "9", "object_id": "9", "change_message": "Changed pub date, is removed, is first, arg proper and is read.", "user": 1, "content_type": 14}}, {"pk": 84, "model": "admin.logentry", "fields": {"action_flag": 2, "action_time": "2008-06-14 19:33:03", "object_repr": "8", "object_id": "8", "change_message": "Changed comment, comment html, pub date, is removed, is first, arg proper and is read.", "user": 1, "content_type": 14}}, {"pk": 83, "model": "admin.logentry", "fields": {"action_flag": 1, "action_time": "2008-06-14 19:18:33", "object_repr": "7", "object_id": "7", "change_message": "", "user": 1, "content_type": 14}}, {"pk": 82, "model": "admin.logentry", "fields": {"action_flag": 1, "action_time": "2008-06-14 19:17:11", "object_repr": "6", "object_id": "6", "change_message": "", "user": 1, "content_type": 14}}, {"pk": 81, "model": "admin.logentry", "fields": {"action_flag": 1, "action_time": "2008-06-14 19:10:13", "object_repr": "5", "object_id": "5", "change_message": "", "user": 1, "content_type": 14}}, {"pk": 80, "model": "admin.logentry", "fields": {"action_flag": 3, "action_time": "2008-06-11 17:23:31", "object_repr": "test3", "object_id": "6", "change_message": "", "user": 1, "content_type": 3}}, {"pk": 79, "model": "admin.logentry", "fields": {"action_flag": 3, "action_time": "2008-06-11 17:21:20", "object_repr": "test3", "object_id": "5", "change_message": "", "user": 1, "content_type": 3}}, {"pk": 75, "model": "admin.logentry", "fields": {"action_flag": 3, "action_time": "2008-05-29 17:30:47", "object_repr": "Not as good as google", "object_id": "11", "change_message": "", "user": 1, "content_type": 10}}, {"pk": 74, "model": "admin.logentry", "fields": {"action_flag": 3, "action_time": "2008-05-27 18:57:07", "object_repr": "11", "object_id": "11", "change_message": "", "user": 1, "content_type": 11}}, {"pk": 73, "model": "admin.logentry", "fields": {"action_flag": 2, "action_time": "2008-05-26 21:15:23", "object_repr": "4", "object_id": "4", "change_message": "Changed is removed, is first and nesting.", "user": 1, "content_type": 11}}, {"pk": 72, "model": "admin.logentry", "fields": {"action_flag": 2, "action_time": "2008-05-26 21:15:00", "object_repr": "3", "object_id": "3", "change_message": "Changed is removed, is first and nesting.", "user": 1, "content_type": 11}}, {"pk": 71, "model": "admin.logentry", "fields": {"action_flag": 2, "action_time": "2008-05-26 21:14:52", "object_repr": "7", "object_id": "7", "change_message": "Changed is removed, is first and nesting.", "user": 1, "content_type": 11}}, {"pk": 70, "model": "admin.logentry", "fields": {"action_flag": 2, "action_time": "2008-05-26 21:14:39", "object_repr": "6", "object_id": "6", "change_message": "Changed is removed, is first and nesting.", "user": 1, "content_type": 11}}, {"pk": 69, "model": "admin.logentry", "fields": {"action_flag": 2, "action_time": "2008-05-26 21:14:07", "object_repr": "3", "object_id": "3", "change_message": "Changed pub date, is removed and is first.", "user": 1, "content_type": 11}}, {"pk": 68, "model": "admin.logentry", "fields": {"action_flag": 2, "action_time": "2008-05-26 21:11:01", "object_repr": "3", "object_id": "3", "change_message": "Changed is removed, is first and nesting.", "user": 1, "content_type": 11}}, {"pk": 67, "model": "admin.logentry", "fields": {"action_flag": 2, "action_time": "2008-05-26 21:10:51", "object_repr": "3", "object_id": "3", "change_message": "Changed is removed and is first.", "user": 1, "content_type": 11}}, {"pk": 66, "model": "admin.logentry", "fields": {"action_flag": 2, "action_time": "2008-05-26 21:10:49", "object_repr": "3", "object_id": "3", "change_message": "Changed pub date, is removed, is first and nesting.", "user": 1, "content_type": 11}}, {"pk": 65, "model": "admin.logentry", "fields": {"action_flag": 1, "action_time": "2008-05-26 11:58:57", "object_repr": "7", "object_id": "7", "change_message": "", "user": 1, "content_type": 11}}, {"pk": 64, "model": "admin.logentry", "fields": {"action_flag": 1, "action_time": "2008-05-26 11:58:38", "object_repr": "6", "object_id": "6", "change_message": "", "user": 1, "content_type": 11}}, {"pk": 63, "model": "admin.logentry", "fields": {"action_flag": 1, "action_time": "2008-05-26 11:58:03", "object_repr": "5", "object_id": "5", "change_message": "", "user": 1, "content_type": 11}}, {"pk": 62, "model": "admin.logentry", "fields": {"action_flag": 1, "action_time": "2008-05-26 11:57:48", "object_repr": "4", "object_id": "4", "change_message": "", "user": 1, "content_type": 11}}, {"pk": 61, "model": "admin.logentry", "fields": {"action_flag": 1, "action_time": "2008-05-26 11:57:35", "object_repr": "3", "object_id": "3", "change_message": "", "user": 1, "content_type": 11}}, {"pk": 60, "model": "admin.logentry", "fields": {"action_flag": 1, "action_time": "2008-05-26 11:57:16", "object_repr": "2", "object_id": "2", "change_message": "", "user": 1, "content_type": 11}}, {"pk": 59, "model": "admin.logentry", "fields": {"action_flag": 1, "action_time": "2008-05-26 11:56:47", "object_repr": "1", "object_id": "1", "change_message": "", "user": 1, "content_type": 11}}, {"pk": 58, "model": "admin.logentry", "fields": {"action_flag": 2, "action_time": "2008-05-26 11:55:39", "object_repr": "3", "object_id": "3", "change_message": "Changed is removed, is first and nesting.", "user": 1, "content_type": 11}}, {"pk": 57, "model": "admin.logentry", "fields": {"action_flag": 2, "action_time": "2008-05-26 11:55:15", "object_repr": "3", "object_id": "3", "change_message": "Changed is removed and is first.", "user": 1, "content_type": 11}}, {"pk": 56, "model": "admin.logentry", "fields": {"action_flag": 2, "action_time": "2008-05-26 11:55:04", "object_repr": "3", "object_id": "3", "change_message": "Changed is removed and is first.", "user": 1, "content_type": 11}}, {"pk": 55, "model": "admin.logentry", "fields": {"action_flag": 2, "action_time": "2008-05-26 11:54:46", "object_repr": "3", "object_id": "3", "change_message": "Changed pub date, is removed, is first and nesting.", "user": 1, "content_type": 11}}, {"pk": 54, "model": "admin.logentry", "fields": {"action_flag": 1, "action_time": "2008-05-26 11:46:31", "object_repr": "5", "object_id": "5", "change_message": "", "user": 1, "content_type": 11}}, {"pk": 53, "model": "admin.logentry", "fields": {"action_flag": 1, "action_time": "2008-05-26 11:00:26", "object_repr": "4", "object_id": "4", "change_message": "", "user": 1, "content_type": 11}}, {"pk": 52, "model": "admin.logentry", "fields": {"action_flag": 1, "action_time": "2008-05-26 11:00:16", "object_repr": "3", "object_id": "3", "change_message": "", "user": 1, "content_type": 11}}, {"pk": 51, "model": "admin.logentry", "fields": {"action_flag": 1, "action_time": "2008-05-26 11:00:02", "object_repr": "2", "object_id": "2", "change_message": "", "user": 1, "content_type": 11}}, {"pk": 50, "model": "admin.logentry", "fields": {"action_flag": 1, "action_time": "2008-05-26 10:59:45", "object_repr": "1", "object_id": "1", "change_message": "", "user": 1, "content_type": 11}}, {"pk": 49, "model": "admin.logentry", "fields": {"action_flag": 1, "action_time": "2008-05-26 10:17:27", "object_repr": "5", "object_id": "5", "change_message": "", "user": 1, "content_type": 11}}, {"pk": 48, "model": "admin.logentry", "fields": {"action_flag": 1, "action_time": "2008-05-26 10:06:47", "object_repr": "4", "object_id": "4", "change_message": "", "user": 1, "content_type": 11}}, {"pk": 47, "model": "admin.logentry", "fields": {"action_flag": 1, "action_time": "2008-05-26 10:06:33", "object_repr": "3", "object_id": "3", "change_message": "", "user": 1, "content_type": 11}}, {"pk": 46, "model": "admin.logentry", "fields": {"action_flag": 1, "action_time": "2008-05-26 10:05:58", "object_repr": "2", "object_id": "2", "change_message": "", "user": 1, "content_type": 11}}, {"pk": 45, "model": "admin.logentry", "fields": {"action_flag": 1, "action_time": "2008-05-26 10:05:41", "object_repr": "1", "object_id": "1", "change_message": "", "user": 1, "content_type": 11}}, {"pk": 44, "model": "admin.logentry", "fields": {"action_flag": 2, "action_time": "2008-05-25 13:56:05", "object_repr": "Hacker News", "object_id": "8", "change_message": "Changed url.", "user": 1, "content_type": 10}}, {"pk": 43, "model": "admin.logentry", "fields": {"action_flag": 3, "action_time": "2008-05-25 13:53:25", "object_repr": "hello", "object_id": "4", "change_message": "", "user": 1, "content_type": 10}}, {"pk": 42, "model": "admin.logentry", "fields": {"action_flag": 3, "action_time": "2008-05-25 13:53:20", "object_repr": "Woot", "object_id": "6", "change_message": "", "user": 1, "content_type": 10}}, {"pk": 41, "model": "admin.logentry", "fields": {"action_flag": 3, "action_time": "2008-05-25 13:53:13", "object_repr": "Woot", "object_id": "5", "change_message": "", "user": 1, "content_type": 10}}, {"pk": 40, "model": "admin.logentry", "fields": {"action_flag": 3, "action_time": "2008-05-25 06:51:58", "object_repr": "test", "object_id": "2", "change_message": "", "user": 1, "content_type": 3}}, {"pk": 39, "model": "admin.logentry", "fields": {"action_flag": 3, "action_time": "2008-05-25 06:48:52", "object_repr": "test", "object_id": "18", "change_message": "", "user": 1, "content_type": 3}}, {"pk": 38, "model": "admin.logentry", "fields": {"action_flag": 3, "action_time": "2008-05-25 06:48:45", "object_repr": "test2", "object_id": "19", "change_message": "", "user": 1, "content_type": 3}}, {"pk": 37, "model": "admin.logentry", "fields": {"action_flag": 3, "action_time": "2008-05-25 06:48:39", "object_repr": "test3", "object_id": "20", "change_message": "", "user": 1, "content_type": 3}}, {"pk": 36, "model": "admin.logentry", "fields": {"action_flag": 3, "action_time": "2008-05-25 06:48:33", "object_repr": "test4", "object_id": "21", "change_message": "", "user": 1, "content_type": 3}}, {"pk": 35, "model": "admin.logentry", "fields": {"action_flag": 3, "action_time": "2008-05-24 13:06:53", "object_repr": "test", "object_id": "15", "change_message": "", "user": 1, "content_type": 3}}, {"pk": 34, "model": "admin.logentry", "fields": {"action_flag": 3, "action_time": "2008-05-24 13:06:42", "object_repr": "test2", "object_id": "16", "change_message": "", "user": 1, "content_type": 3}}, {"pk": 33, "model": "admin.logentry", "fields": {"action_flag": 3, "action_time": "2008-05-24 12:19:21", "object_repr": "test3", "object_id": "17", "change_message": "", "user": 1, "content_type": 3}}, {"pk": 32, "model": "admin.logentry", "fields": {"action_flag": 3, "action_time": "2008-05-24 09:57:09", "object_repr": "test", "object_id": "11", "change_message": "", "user": 1, "content_type": 3}}, {"pk": 31, "model": "admin.logentry", "fields": {"action_flag": 3, "action_time": "2008-05-24 09:56:49", "object_repr": "test2", "object_id": "12", "change_message": "", "user": 1, "content_type": 3}}, {"pk": 30, "model": "admin.logentry", "fields": {"action_flag": 3, "action_time": "2008-05-24 09:56:43", "object_repr": "test3", "object_id": "13", "change_message": "", "user": 1, "content_type": 3}}, {"pk": 29, "model": "admin.logentry", "fields": {"action_flag": 3, "action_time": "2008-05-24 09:56:35", "object_repr": "test4", "object_id": "14", "change_message": "", "user": 1, "content_type": 3}}, {"pk": 28, "model": "admin.logentry", "fields": {"action_flag": 3, "action_time": "2008-05-24 08:05:17", "object_repr": "test", "object_id": "9", "change_message": "", "user": 1, "content_type": 3}}, {"pk": 27, "model": "admin.logentry", "fields": {"action_flag": 3, "action_time": "2008-05-24 08:05:10", "object_repr": "test2", "object_id": "10", "change_message": "", "user": 1, "content_type": 3}}, {"pk": 26, "model": "admin.logentry", "fields": {"action_flag": 3, "action_time": "2008-05-24 06:50:18", "object_repr": "test7", "object_id": "8", "change_message": "", "user": 1, "content_type": 3}}, {"pk": 25, "model": "admin.logentry", "fields": {"action_flag": 3, "action_time": "2008-05-24 06:50:13", "object_repr": "test6", "object_id": "7", "change_message": "", "user": 1, "content_type": 3}}, {"pk": 24, "model": "admin.logentry", "fields": {"action_flag": 3, "action_time": "2008-05-24 06:50:08", "object_repr": "test5", "object_id": "6", "change_message": "", "user": 1, "content_type": 3}}, {"pk": 23, "model": "admin.logentry", "fields": {"action_flag": 3, "action_time": "2008-05-24 06:50:02", "object_repr": "test4", "object_id": "5", "change_message": "", "user": 1, "content_type": 3}}, {"pk": 22, "model": "admin.logentry", "fields": {"action_flag": 3, "action_time": "2008-05-24 06:49:57", "object_repr": "test3", "object_id": "4", "change_message": "", "user": 1, "content_type": 3}}, {"pk": 21, "model": "admin.logentry", "fields": {"action_flag": 3, "action_time": "2008-05-24 06:49:46", "object_repr": "test2", "object_id": "3", "change_message": "", "user": 1, "content_type": 3}}, {"pk": 20, "model": "admin.logentry", "fields": {"action_flag": 3, "action_time": "2008-05-24 06:49:39", "object_repr": "test", "object_id": "2", "change_message": "", "user": 1, "content_type": 3}}, {"pk": 19, "model": "admin.logentry", "fields": {"action_flag": 3, "action_time": "2008-05-18 17:02:31", "object_repr": "5", "object_id": "5", "change_message": "", "user": 1, "content_type": 11}}, {"pk": 18, "model": "admin.logentry", "fields": {"action_flag": 1, "action_time": "2008-05-18 15:28:54", "object_repr": "6", "object_id": "6", "change_message": "", "user": 1, "content_type": 11}}, {"pk": 17, "model": "admin.logentry", "fields": {"action_flag": 1, "action_time": "2008-05-18 15:27:57", "object_repr": "5", "object_id": "5", "change_message": "", "user": 1, "content_type": 11}}, {"pk": 16, "model": "admin.logentry", "fields": {"action_flag": 1, "action_time": "2008-05-18 12:55:47", "object_repr": "4", "object_id": "4", "change_message": "", "user": 1, "content_type": 11}}, {"pk": 15, "model": "admin.logentry", "fields": {"action_flag": 1, "action_time": "2008-05-18 12:55:30", "object_repr": "3", "object_id": "3", "change_message": "", "user": 1, "content_type": 11}}, {"pk": 14, "model": "admin.logentry", "fields": {"action_flag": 1, "action_time": "2008-05-18 12:55:24", "object_repr": "2", "object_id": "2", "change_message": "", "user": 1, "content_type": 11}}, {"pk": 13, "model": "admin.logentry", "fields": {"action_flag": 1, "action_time": "2008-05-18 12:55:15", "object_repr": "1", "object_id": "1", "change_message": "", "user": 1, "content_type": 11}}, {"pk": 12, "model": "admin.logentry", "fields": {"action_flag": 1, "action_time": "2008-05-18 12:53:35", "object_repr": "Del.icio.us", "object_id": "3", "change_message": "", "user": 1, "content_type": 10}}, {"pk": 11, "model": "admin.logentry", "fields": {"action_flag": 1, "action_time": "2008-05-18 12:53:18", "object_repr": "Digg!", "object_id": "2", "change_message": "", "user": 1, "content_type": 10}}, {"pk": 10, "model": "admin.logentry", "fields": {"action_flag": 1, "action_time": "2008-05-18 12:53:02", "object_repr": "Reddit!", "object_id": "1", "change_message": "", "user": 1, "content_type": 10}}, {"pk": 9, "model": "admin.logentry", "fields": {"action_flag": 1, "action_time": "2008-05-17 12:47:56", "object_repr": "4", "object_id": "4", "change_message": "", "user": 1, "content_type": 11}}, {"pk": 8, "model": "admin.logentry", "fields": {"action_flag": 1, "action_time": "2008-05-17 12:47:40", "object_repr": "3", "object_id": "3", "change_message": "", "user": 1, "content_type": 11}}, {"pk": 7, "model": "admin.logentry", "fields": {"action_flag": 1, "action_time": "2008-05-17 12:47:31", "object_repr": "2", "object_id": "2", "change_message": "", "user": 1, "content_type": 11}}, {"pk": 6, "model": "admin.logentry", "fields": {"action_flag": 1, "action_time": "2008-05-17 12:47:08", "object_repr": "1", "object_id": "1", "change_message": "", "user": 1, "content_type": 11}}, {"pk": 5, "model": "admin.logentry", "fields": {"action_flag": 2, "action_time": "2008-05-15 05:30:14", "object_repr": "Reddit!", "object_id": "1", "change_message": "Changed score.", "user": 1, "content_type": 10}}, {"pk": 4, "model": "admin.logentry", "fields": {"action_flag": 2, "action_time": "2008-05-15 05:27:27", "object_repr": "Digg!", "object_id": "2", "change_message": "Changed score.", "user": 1, "content_type": 10}}, {"pk": 3, "model": "admin.logentry", "fields": {"action_flag": 1, "action_time": "2008-05-15 05:25:08", "object_repr": "Topic object", "object_id": "3", "change_message": "", "user": 1, "content_type": 10}}, {"pk": 2, "model": "admin.logentry", "fields": {"action_flag": 1, "action_time": "2008-05-15 05:24:16", "object_repr": "Topic object", "object_id": "2", "change_message": "", "user": 1, "content_type": 10}}, {"pk": 1, "model": "admin.logentry", "fields": {"action_flag": 1, "action_time": "2008-05-15 05:23:48", "object_repr": "Topic object", "object_id": "1", "change_message": "", "user": 1, "content_type": 10}}, {"pk": 60, "model": "items.topic", "fields": {"title": "good ol topic", "url": "http://localhost:8000/60/", "sub_date": "2010-02-23 18:18:52", "tflaggers": [], "tags": "ok\n1", "needs_review": 0, "comment_length": 234, "score": 0.00399562871388566, "followers": [1, 3, 12], "user": 1, "last_calc": "2010-03-05 19:36:11"}}, {"pk": 59, "model": "items.topic", "fields": {"title": "diamonds", "url": "http://i.imgur.com/PNNsb.jpg", "sub_date": "2010-02-14 21:58:19", "tflaggers": [], "tags": "motivators\n1", "needs_review": 0, "comment_length": 108, "score": 0.00058682576165093603, "followers": [1], "user": 1, "last_calc": "2010-03-04 18:35:28"}}, {"pk": 58, "model": "items.topic", "fields": {"title": "Google Buzz Trick", "url": "http://www.thedoghousediaries.com/?p=1267", "sub_date": "2010-02-12 20:46:57", "tflaggers": [], "tags": "funny\n1", "needs_review": 0, "comment_length": 87, "score": 0.00036234902124114999, "followers": [1], "user": 1, "last_calc": "2010-03-05 06:23:42"}}, {"pk": 57, "model": "items.topic", "fields": {"title": "Sketchpad - Online Paint/Drawing application", "url": "http://mugtug.com/sketchpad/", "sub_date": "2010-02-07 10:12:56", "tflaggers": [], "tags": "", "needs_review": 0, "comment_length": 872, "score": 0.00193098072562358, "followers": [3], "user": 1, "last_calc": "2010-03-07 09:52:09"}}, {"pk": 56, "model": "items.topic", "fields": {"title": "ghostbusters-desktop.jpg (JPEG Image, 739x599 pixels)", "url": "http://www.nerdist.com/images/ghostbusters-desktop.jpg", "sub_date": "2010-02-07 10:12:26", "tflaggers": [], "tags": "", "needs_review": 0, "comment_length": 23, "score": 6.7207246694426194e-05, "followers": [1], "user": 1, "last_calc": "2010-03-03 18:43:29"}}, {"pk": 55, "model": "items.topic", "fields": {"title": "Flickr Photo Download: We Have Signs", "url": "http://www.flickr.com/photos/rubin110/4313654518/sizes/l/", "sub_date": "2010-01-31 09:30:30", "tflaggers": [], "tags": "", "needs_review": 0, "comment_length": 763, "score": 0.0012605652883605099, "followers": [3], "user": 1, "last_calc": "2010-03-04 18:59:38"}}, {"pk": 54, "model": "items.topic", "fields": {"title": "more testing more more", "url": "http://localhost:8000/54/", "sub_date": "2010-01-15 00:23:02", "tflaggers": [1], "tags": "test\n1", "needs_review": 1, "comment_length": 151, "score": 0.00097271251513824102, "followers": [], "user": 10, "last_calc": "2010-01-31 09:28:30"}}, {"pk": 53, "model": "items.topic", "fields": {"title": "A new era", "url": "http://localhost:8000/53/", "sub_date": "2010-01-09 19:36:38", "tflaggers": [], "tags": "", "needs_review": 0, "comment_length": 265, "score": 0.00058334580739462401, "followers": [], "user": 1, "last_calc": "2010-02-06 20:46:11"}}, {"pk": 51, "model": "items.topic", "fields": {"title": "firstcomment blues", "url": "http://localhost:8000/51/", "sub_date": "2009-12-12 16:03:02", "tflaggers": [], "tags": "", "needs_review": 0, "comment_length": 170, "score": 0.00035093803672876198, "followers": [], "user": 1, "last_calc": "2010-01-10 15:30:38"}}, {"pk": 50, "model": "items.topic", "fields": {"title": "New Self topic", "url": "http://localhost:8000/50/", "sub_date": "2009-12-03 23:31:57", "tflaggers": [], "tags": "test\n1", "needs_review": 0, "comment_length": 21, "score": 2.56970005482027e-05, "followers": [], "user": 1, "last_calc": "2010-01-10 15:30:38"}}, {"pk": 49, "model": "items.topic", "fields": {"title": "With no tags", "url": "http://localhost:8000/49/", "sub_date": "2009-11-29 14:17:35", "tflaggers": [], "tags": "", "needs_review": 0, "comment_length": 0, "score": 0.0, "followers": [], "user": 12, "last_calc": "2010-01-10 15:30:38"}}, {"pk": 48, "model": "items.topic", "fields": {"title": "url link testing", "url": "http://localhost:8000/48/", "sub_date": "2009-11-23 19:37:53", "tflaggers": [], "tags": "test\n1", "needs_review": 0, "comment_length": 1598, "score": 0.00049211567859610899, "followers": [], "user": 12, "last_calc": "2010-02-06 20:55:35"}}, {"pk": 47, "model": "items.topic", "fields": {"title": "comment length test", "url": "http://localhost:8000/47/", "sub_date": "2009-11-14 22:03:18", "tflaggers": [], "tags": "test,comment,length,generic\n1,1,1,1", "needs_review": 0, "comment_length": 70, "score": 1.17095529041782e-05, "followers": [], "user": 12, "last_calc": "2010-02-24 18:23:52"}}, {"pk": 43, "model": "items.topic", "fields": {"title": "Signature Of Antimatter Detected In Lightning", "url": "http://www.sciencenews.org/view/generic/id/49288/title/Signature_of_antimatter_detected_in_lightning", "sub_date": "2009-11-07 12:27:14", "tflaggers": [], "tags": "antimatter,lightning\n1,1", "needs_review": 0, "comment_length": 11, "score": 4.6382189239332101e-06, "followers": [], "user": 7, "last_calc": "2010-01-10 15:30:38"}}, {"pk": 41, "model": "items.topic", "fields": {"title": "Feel better about your career\u2026", "url": "http://blogs.law.harvard.edu/philg/2009/10/27/feel-better-about-your-career/", "sub_date": "2009-10-27 18:33:13", "tflaggers": [], "tags": "salary,career,blog,greenspun,harvard,wtf,nonprofit\n2,1,1,1,1,1,1", "needs_review": 0, "comment_length": 80, "score": 2.4773868770959101e-05, "followers": [], "user": 12, "last_calc": "2010-01-10 15:30:38"}}, {"pk": 40, "model": "items.topic", "fields": {"title": "Way awesome", "url": "http://photos-h.ak.fbcdn.net/hphotos-ak-snc1/hs072.snc3/13935_160563107676_595512676_2932564_6229926_n.jpg", "sub_date": "2009-10-27 18:29:03", "tflaggers": [], "tags": "halloween,pets,ttag,awesome,costume,running out,test,dogs,tag1\n2,1,1,1,1,1,1,1,1", "needs_review": 0, "comment_length": 140, "score": 3.8699647612065899e-05, "followers": [], "user": 12, "last_calc": "2010-01-15 00:15:22"}}, {"pk": 39, "model": "items.topic", "fields": {"title": "Test 3", "url": "http://localhost:8000/39/", "sub_date": "2009-10-17 17:03:11", "tflaggers": [], "tags": "generic,test,unoriginal\n1,1,1", "needs_review": 0, "comment_length": 16, "score": 3.8484471876389801e-06, "followers": [], "user": 1, "last_calc": "2010-01-10 15:30:38"}}, {"pk": 38, "model": "items.topic", "fields": {"title": "what?", "url": "http://localhost:8000/38/", "sub_date": "2009-10-17 16:44:51", "tflaggers": [], "tags": "test,generic,boring\n1,1,1", "needs_review": 0, "comment_length": 109, "score": 2.6217546465790601e-05, "followers": [], "user": 1, "last_calc": "2010-01-10 15:30:38"}}, {"pk": 36, "model": "items.topic", "fields": {"title": "RSS Test 1", "url": "http://localhost:8000/36/", "sub_date": "2009-10-17 13:16:03", "tflaggers": [], "tags": "test,generic,rss\n1,1,1", "needs_review": 0, "comment_length": 60, "score": 1.4375220569790601e-05, "followers": [], "user": 1, "last_calc": "2010-01-10 15:30:38"}}, {"pk": 35, "model": "items.topic", "fields": {"title": "Newer topic", "url": "http://localhost:8000/35/", "sub_date": "2009-10-17 12:51:57", "tflaggers": [], "tags": "generic,test\n1,1", "needs_review": 0, "comment_length": 33, "score": 7.9063713133848399e-06, "followers": [], "user": 1, "last_calc": "2010-01-10 15:30:38"}}, {"pk": 34, "model": "items.topic", "fields": {"title": "Topic of discourse #49", "url": "http://localhost:8000/34/", "sub_date": "2009-10-17 12:14:52", "tflaggers": [], "tags": "generic,test,tricksy\n1,1,1", "needs_review": 0, "comment_length": 56, "score": 1.34037476878535e-05, "followers": [], "user": 1, "last_calc": "2010-01-10 15:30:38"}}, {"pk": 33, "model": "items.topic", "fields": {"title": "Is it weird to go to a bar by yourself? : AskReddit", "url": "http://www.reddit.com/r/AskReddit/comments/9rgl6/is_it_weird_to_go_to_a_bar_by_yourself/", "sub_date": "2009-10-06 19:28:05", "tflaggers": [1], "tags": "bars,lonely,can't think of enough,more tags,social anxiety,lots of tags,typical redditor,alone\r\n2,2,2,2,1,1,1,1", "needs_review": 0, "comment_length": 181, "score": 3.4185767728295303e-05, "followers": [], "user": 1, "last_calc": "2010-01-10 15:30:38"}}, {"pk": 32, "model": "items.topic", "fields": {"title": "New battery could change world, one house at a time", "url": "http://www.heraldextra.com/news/article_b0372fd8-3f3c-11de-ac77-001cc4c002e0.html", "sub_date": "2009-10-05 20:27:31", "tflaggers": [], "tags": "green,battery,renewable power,technology\n3,2,2,1", "needs_review": 0, "comment_length": 41, "score": 7.5912205497673002e-06, "followers": [], "user": 1, "last_calc": "2010-01-10 15:30:38"}}, {"pk": 31, "model": "items.topic", "fields": {"title": "EuropaCorp", "url": "http://en.wikipedia.org/wiki/EuropaCorp", "sub_date": "2009-10-05 20:17:50", "tflaggers": [], "tags": "corp,europe,movie,french,blah2,blah1,blah4,blah3,eu\n3,2,2,2,1,1,1,1,1", "needs_review": 0, "comment_length": 978, "score": 0.00018123431688468199, "followers": [], "user": 1, "last_calc": "2010-01-10 14:43:36"}}, {"pk": 30, "model": "items.topic", "fields": {"title": "Single-Loop Knots", "url": "http://www.layhands.com/Knots/Knots_SingleLoops.htm", "sub_date": "2009-09-17 16:53:55", "tflaggers": [], "tags": "knots,education,useful\n2,2,2", "needs_review": 0, "comment_length": 66, "score": 8.6704279683834203e-06, "followers": [], "user": 1, "last_calc": "2010-01-10 15:30:38"}}, {"pk": 29, "model": "items.topic", "fields": {"title": "It\u2019s Time for a New Monetary System", "url": "http://globalresearch.ca/index.php?context=va", "sub_date": "2009-03-25 05:51:00", "tflaggers": [1], "tags": "money,economics,finance\n1,1,1", "needs_review": 0, "comment_length": 171, "score": 3.49578612625111e-06, "followers": [], "user": 1, "last_calc": "2010-01-10 15:30:38"}}, {"pk": 28, "model": "items.topic", "fields": {"title": "Luis von Blog: Should You Go to Grad School?", "url": "http://vonahn.blogspot.com/2009/03/should-you-go-to-grad-school.html", "sub_date": "2009-03-25 05:28:03", "tflaggers": [], "tags": "education,grad school\n2,1", "needs_review": 0, "comment_length": 372, "score": 7.6026938469784103e-06, "followers": [], "user": 1, "last_calc": "2010-01-10 15:30:38"}}, {"pk": 27, "model": "items.topic", "fields": {"title": "Pirates of Somalia", "url": "http://www.boston.com/bigpicture/2009/03/pirates_of_somalia.html", "sub_date": "2009-03-17 05:47:53", "tflaggers": [], "tags": "pirates,somalia\n1,1", "needs_review": 0, "comment_length": 45, "score": 8.7144119874986501e-07, "followers": [], "user": 1, "last_calc": "2010-01-10 15:30:38"}}, {"pk": 26, "model": "items.topic", "fields": {"title": "Legalese: This Is How All User Agreements Should Be Displayed", "url": "http://consumerist.com/5170410/this-is-how-all-user-agreements-should-be-displayed", "sub_date": "2009-03-17 05:46:47", "tflaggers": [], "tags": "", "needs_review": 0, "comment_length": 115, "score": 2.2270163968052101e-06, "followers": [], "user": 1, "last_calc": "2010-01-10 15:30:38"}}, {"pk": 24, "model": "items.topic", "fields": {"title": "The Crisis of Credit Visualized", "url": "http://crisisofcredit.com/", "sub_date": "2009-02-22 12:13:34", "tflaggers": [], "tags": "economics\n1", "needs_review": 0, "comment_length": 209, "score": 3.4959289322141699e-06, "followers": [], "user": 3, "last_calc": "2010-01-10 15:30:38"}}, {"pk": 23, "model": "items.topic", "fields": {"title": "Hmmm", "url": "http://localhost:8000/23/", "sub_date": "2009-02-22 11:49:29", "tflaggers": [], "tags": "what?,may&be,yes!\n1,1,1", "needs_review": 0, "comment_length": 25, "score": 4.1817331725049899e-07, "followers": [], "user": 3, "last_calc": "2010-01-10 15:30:38"}}, {"pk": 22, "model": "items.topic", "fields": {"title": "Let's try something with a really long title. A total of 140 characters are allowed to be in the title, so let's see what happens when we re", "url": "http://localhost:8000/22/", "sub_date": "2009-01-21 20:27:31", "tflaggers": [1], "tags": "test\n1", "needs_review": 0, "comment_length": 1768, "score": 2.45167156298389e-05, "followers": [], "user": 7, "last_calc": "2010-01-10 15:30:38"}}, {"pk": 21, "model": "items.topic", "fields": {"title": "It's been a long time. Yep, so far.", "url": "http://localhost:8000/21/", "sub_date": "2009-01-20 09:46:29", "tflaggers": [1, 3], "tags": "no\n1", "needs_review": 0, "comment_length": 1231, "score": 1.69343057339091e-05, "followers": [], "user": 3, "last_calc": "2010-01-10 15:30:38"}}, {"pk": 20, "model": "items.topic", "fields": {"title": "POST", "url": "http://localhost:8000/20/", "sub_date": "2008-08-21 05:40:49", "tflaggers": [1], "tags": "", "needs_review": 0, "comment_length": 773, "score": 5.2122778015413298e-06, "followers": [], "user": 3, "last_calc": "2010-01-10 15:30:38"}}, {"pk": 19, "model": "items.topic", "fields": {"title": "Fancy that", "url": "http://www.fancythat.com", "sub_date": "2008-07-28 10:47:37", "tflaggers": [1], "tags": "here\n1", "needs_review": 0, "comment_length": 545, "score": 3.3530826620825901e-06, "followers": [], "user": 3, "last_calc": "2010-01-10 15:30:38"}}, {"pk": 18, "model": "items.topic", "fields": {"title": "Really fast", "url": "http://localhost:8000/18/", "sub_date": "2008-07-14 05:38:04", "tflaggers": [], "tags": "antifirst,first\n1,1", "needs_review": 0, "comment_length": 539, "score": 3.1456432840515901e-06, "followers": [], "user": 3, "last_calc": "2010-01-10 15:30:38"}}, {"pk": 17, "model": "items.topic", "fields": {"title": "Hidey-ho", "url": "http://localhost:8000/17/", "sub_date": "2008-07-12 15:00:55", "tflaggers": [], "tags": "last,first\n1,1", "needs_review": 0, "comment_length": 145, "score": 8.4121054002462102e-07, "followers": [], "user": 1, "last_calc": "2010-01-10 15:30:38"}}, {"pk": 16, "model": "items.topic", "fields": {"title": "Why not?", "url": "http://localhost:8000/16/", "sub_date": "2008-07-02 19:13:12", "tflaggers": [], "tags": "last,first\n1,1", "needs_review": 0, "comment_length": 430, "score": 2.4073017380578599e-06, "followers": [], "user": 1, "last_calc": "2010-01-10 15:30:38"}}, {"pk": 15, "model": "items.topic", "fields": {"title": "Let's try another", "url": "http://localhost:8000/15/", "sub_date": "2008-06-27 21:36:54", "tflaggers": [3], "tags": "@me,ok now,may&be,why?,let's go,100%,bad_idea,yes!,#9,dollar$\n1,1,1,1,1,1,1,1,1,1", "needs_review": 0, "comment_length": 18, "score": 9.9029334271339196e-08, "followers": [], "user": 1, "last_calc": "2010-01-10 15:30:38"}}, {"pk": 14, "model": "items.topic", "fields": {"title": "yay", "url": "http://localhost:8000/14/", "sub_date": "2008-05-30 05:29:10", "tflaggers": [], "tags": "@me,ok now,may&be,why?,let's go,100%,bad_idea,yes!,#9,dollar$\n1,1,1,1,1,1,1,1,1,1", "needs_review": 0, "comment_length": 15, "score": 7.4694781809097804e-08, "followers": [], "user": 3, "last_calc": "2010-01-10 15:30:38"}}, {"pk": 13, "model": "items.topic", "fields": {"title": "A new self ref", "url": "http://localhost:8000/13/", "sub_date": "2008-05-29 17:46:47", "tflaggers": [], "tags": "", "needs_review": 0, "comment_length": 139, "score": 6.9109832149420602e-07, "followers": [], "user": 3, "last_calc": "2010-01-10 15:30:38"}}, {"pk": 12, "model": "items.topic", "fields": {"title": "Yahoo!!!", "url": "http://yahoo.com/", "sub_date": "2008-05-29 17:46:25", "tflaggers": [], "tags": "", "needs_review": 0, "comment_length": 112, "score": 5.5685620149173403e-07, "followers": [], "user": 3, "last_calc": "2010-01-10 15:30:38"}}, {"pk": 10, "model": "items.topic", "fields": {"title": "Hooray", "url": "http://localhost:8000/10/", "sub_date": "2008-05-27 05:26:38", "tflaggers": [], "tags": "", "needs_review": 0, "comment_length": 14, "score": 6.9012075235051805e-08, "followers": [], "user": 1, "last_calc": "2010-01-10 15:30:38"}}, {"pk": 9, "model": "items.topic", "fields": {"title": "Google", "url": "http://www.google.com", "sub_date": "2008-05-27 05:25:45", "tflaggers": [], "tags": "", "needs_review": 0, "comment_length": 21, "score": 1.0351811285257801e-07, "followers": [], "user": 1, "last_calc": "2010-01-10 15:30:38"}}, {"pk": 8, "model": "items.topic", "fields": {"title": "Hacker News!!", "url": "http://news.ycombinator.com/", "sub_date": "2008-05-25 13:55:03", "tflaggers": [], "tags": "", "needs_review": 0, "comment_length": 11, "score": 5.3928038934710602e-08, "followers": [], "user": 3, "last_calc": "2010-01-10 15:30:38"}}, {"pk": 7, "model": "items.topic", "fields": {"title": "Woot", "url": "http://localhost:8000/7/", "sub_date": "2008-05-25 13:53:48", "tflaggers": [1], "tags": "test,celebration\n1,1", "needs_review": 0, "comment_length": 3566, "score": 1.7482489712834401e-05, "followers": [], "user": 3, "last_calc": "2010-01-10 15:30:38"}}, {"pk": 3, "model": "items.topic", "fields": {"title": "Del.icio.us", "url": "http://del.icio.us", "sub_date": "2008-05-18 13:53:25", "tflaggers": [], "tags": "", "needs_review": 0, "comment_length": 25, "score": 1.1973036721303599e-07, "followers": [], "user": 1, "last_calc": "2010-01-10 15:30:38"}}, {"pk": 2, "model": "items.topic", "fields": {"title": "Digg!", "url": "http://digg.com", "sub_date": "2008-05-18 13:53:08", "tflaggers": [], "tags": "", "needs_review": 0, "comment_length": 221, "score": 1.05841644616324e-06, "followers": [], "user": 1, "last_calc": "2010-01-10 15:30:38"}}, {"pk": 1, "model": "items.topic", "fields": {"title": "Reddit! yes, Reddit!", "url": "http://reddit.com/", "sub_date": "2008-05-18 13:52:50", "tflaggers": [1], "tags": "test,odd\n1,1", "needs_review": 0, "comment_length": 4926, "score": 2.35916715556567e-05, "followers": [], "user": 1, "last_calc": "2010-01-10 15:30:38"}}, {"pk": 25, "model": "items.logitem", "fields": {"date": "2010-01-10 15:25:59", "message": "time_args success. 3 args ended."}}, {"pk": 26, "model": "items.logitem", "fields": {"date": "2010-01-10 15:25:59", "message": "deleted 2 expired log items"}}, {"pk": 27, "model": "items.logitem", "fields": {"date": "2010-01-10 15:30:38", "message": "recalc_all success 42 updated"}}, {"pk": 28, "model": "items.logitem", "fields": {"date": "2010-01-10 15:32:25", "message": "recalc_all success 0 updated"}}, {"pk": 1, "model": "items.tags", "fields": {"topic": 31, "user": 4, "tags": "blah1,blah2,corp,blah3,blah4"}}, {"pk": 2, "model": "items.tags", "fields": {"topic": 32, "user": 4, "tags": "technology,green"}}, {"pk": 3, "model": "items.tags", "fields": {"topic": 31, "user": 3, "tags": "movie,french"}}, {"pk": 4, "model": "items.tags", "fields": {"topic": 33, "user": 3, "tags": "can't think of enough,more tags"}}, {"pk": 5, "model": "items.tags", "fields": {"topic": 30, "user": 3, "tags": "knots,education,useful"}}, {"pk": 12, "model": "items.tags", "fields": {"topic": 34, "user": 3, "tags": "tricksy"}}, {"pk": 13, "model": "items.tags", "fields": {"topic": 40, "user": 12, "tags": "halloween,dogs,costume,pets"}}, {"pk": 14, "model": "items.tags", "fields": {"topic": 41, "user": 12, "tags": "wtf,nonprofit,salary,career,greenspun,harvard,blog"}}, {"pk": 15, "model": "items.tags", "fields": {"topic": 31, "user": 12, "tags": "corp,europe,french,movie"}}, {"pk": 16, "model": "items.tags", "fields": {"topic": 38, "user": 12, "tags": "test,boring,generic"}}, {"pk": 17, "model": "items.tags", "fields": {"topic": 36, "user": 12, "tags": "rss,test,generic"}}, {"pk": 18, "model": "items.tags", "fields": {"topic": 34, "user": 12, "tags": "generic,test"}}, {"pk": 19, "model": "items.tags", "fields": {"topic": 33, "user": 12, "tags": "bars,lonely"}}, {"pk": 20, "model": "items.tags", "fields": {"topic": 35, "user": 12, "tags": "generic,test"}}, {"pk": 21, "model": "items.tags", "fields": {"topic": 39, "user": 12, "tags": "generic,test,unoriginal"}}, {"pk": 22, "model": "items.tags", "fields": {"topic": 32, "user": 12, "tags": "green,battery,renewable power"}}, {"pk": 23, "model": "items.tags", "fields": {"topic": 30, "user": 12, "tags": "knots,education,useful"}}, {"pk": 24, "model": "items.tags", "fields": {"topic": 1, "user": 12, "tags": "odd,test"}}, {"pk": 25, "model": "items.tags", "fields": {"topic": 21, "user": 12, "tags": "no"}}, {"pk": 26, "model": "items.tags", "fields": {"topic": 19, "user": 12, "tags": "here"}}, {"pk": 27, "model": "items.tags", "fields": {"topic": 20, "user": 12, "tags": "post"}}, {"pk": 28, "model": "items.tags", "fields": {"topic": 7, "user": 7, "tags": "test,celebration"}}, {"pk": 29, "model": "items.tags", "fields": {"topic": 28, "user": 7, "tags": "education,grad school"}}, {"pk": 31, "model": "items.tags", "fields": {"topic": 43, "user": 7, "tags": "antimatter,lightning"}}, {"pk": 32, "model": "items.tags", "fields": {"topic": 29, "user": 12, "tags": "finance,economics,money"}}, {"pk": 33, "model": "items.tags", "fields": {"topic": 28, "user": 12, "tags": "education"}}, {"pk": 34, "model": "items.tags", "fields": {"topic": 27, "user": 12, "tags": "pirates,somalia"}}, {"pk": 35, "model": "items.tags", "fields": {"topic": 24, "user": 12, "tags": "economics"}}, {"pk": 36, "model": "items.tags", "fields": {"topic": 23, "user": 3, "tags": "what?,yes!,may&be"}}, {"pk": 37, "model": "items.tags", "fields": {"topic": 15, "user": 3, "tags": "ok now,bad_idea,yes!,@me,why?,dollar$,100%,#9,let's go,may&be"}}, {"pk": 38, "model": "items.tags", "fields": {"topic": 14, "user": 3, "tags": "@me,ok now,may&be,why?,let's go,100%,bad_idea,yes!,#9,dollar$"}}, {"pk": 39, "model": "items.tags", "fields": {"topic": 41, "user": 3, "tags": "salary"}}, {"pk": 40, "model": "items.tags", "fields": {"topic": 16, "user": 3, "tags": "first,last"}}, {"pk": 41, "model": "items.tags", "fields": {"topic": 17, "user": 3, "tags": "last,first"}}, {"pk": 42, "model": "items.tags", "fields": {"topic": 18, "user": 3, "tags": "first,antifirst"}}, {"pk": 43, "model": "items.tags", "fields": {"topic": 40, "user": 3, "tags": "halloween,ttag"}}, {"pk": 47, "model": "items.tags", "fields": {"topic": 47, "user": 12, "tags": "test,length,comment,generic"}}, {"pk": 48, "model": "items.tags", "fields": {"topic": 22, "user": 12, "tags": "test"}}, {"pk": 49, "model": "items.tags", "fields": {"topic": 48, "user": 12, "tags": "test"}}, {"pk": 50, "model": "items.tags", "fields": {"topic": 40, "user": 1, "tags": "awesome,running out,test,tag1"}}, {"pk": 51, "model": "items.tags", "fields": {"topic": 50, "user": 1, "tags": "test"}}, {"pk": 54, "model": "items.tags", "fields": {"topic": 54, "user": 10, "tags": "test"}}, {"pk": 55, "model": "items.tags", "fields": {"topic": 58, "user": 1, "tags": "funny"}}, {"pk": 56, "model": "items.tags", "fields": {"topic": 59, "user": 1, "tags": "motivators"}}, {"pk": 57, "model": "items.tags", "fields": {"topic": 60, "user": 1, "tags": "ok"}}, {"pk": 2683, "model": "comments.comment", "fields": {"comment": "But some other children", "cflaggers": [], "comment_html": "<p>But some other children\n</p>", "needs_review": 0, "is_msg": 0, "user": 3, "last_edit": null, "pub_date": "2010-03-07 09:52:09"}}, {"pk": 2682, "model": "comments.comment", "fields": {"comment": "not just a straight tree of replies", "cflaggers": [], "comment_html": "<p>not just a straight tree of replies\n</p>", "needs_review": 0, "is_msg": 0, "user": 3, "last_edit": null, "pub_date": "2010-03-07 09:51:58"}}, {"pk": 2681, "model": "comments.comment", "fields": {"comment": "and with some complexity", "cflaggers": [], "comment_html": "<p>and with some complexity\n</p>", "needs_review": 0, "is_msg": 0, "user": 3, "last_edit": "2010-03-07 09:51:40", "pub_date": "2010-03-07 09:51:33"}}, {"pk": 2680, "model": "comments.comment", "fields": {"comment": "I hope the flurry of marking these as read is not too much of a pounding for the server", "cflaggers": [], "comment_html": "<p>I hope the flurry of marking these as read is not too much of a pounding for the server\n</p>", "needs_review": 0, "is_msg": 0, "user": 3, "last_edit": null, "pub_date": "2010-03-06 09:55:49"}}, {"pk": 2679, "model": "comments.comment", "fields": {"comment": "that should do", "cflaggers": [], "comment_html": "<p>that should do\n</p>", "needs_review": 0, "is_msg": 0, "user": 3, "last_edit": null, "pub_date": "2010-03-06 09:55:25"}}, {"pk": 2678, "model": "comments.comment", "fields": {"comment": "who knows though", "cflaggers": [], "comment_html": "<p>who knows though\n</p>", "needs_review": 0, "is_msg": 0, "user": 3, "last_edit": null, "pub_date": "2010-03-06 09:55:19"}}, {"pk": 2677, "model": "comments.comment", "fields": {"comment": "maybe that will do it", "cflaggers": [], "comment_html": "<p>maybe that will do it\n</p>", "needs_review": 0, "is_msg": 0, "user": 3, "last_edit": null, "pub_date": "2010-03-06 09:55:12"}}, {"pk": 2676, "model": "comments.comment", "fields": {"comment": "There were already a few there", "cflaggers": [], "comment_html": "<p>There were already a few there\n</p>", "needs_review": 0, "is_msg": 0, "user": 3, "last_edit": null, "pub_date": "2010-03-06 09:55:04"}}, {"pk": 2675, "model": "comments.comment", "fields": {"comment": "Let's get it over 20", "cflaggers": [], "comment_html": "<p>Let's get it over 20\n</p>", "needs_review": 0, "is_msg": 0, "user": 3, "last_edit": null, "pub_date": "2010-03-06 09:54:55"}}, {"pk": 2674, "model": "comments.comment", "fields": {"comment": "17 so far", "cflaggers": [], "comment_html": "<p>17 so far\n</p>", "needs_review": 0, "is_msg": 0, "user": 3, "last_edit": null, "pub_date": "2010-03-06 09:54:46"}}, {"pk": 2673, "model": "comments.comment", "fields": {"comment": "That shit is annoying", "cflaggers": [], "comment_html": "<p>That shit is annoying\n</p>", "needs_review": 0, "is_msg": 0, "user": 3, "last_edit": null, "pub_date": "2010-03-06 09:54:38"}}, {"pk": 2672, "model": "comments.comment", "fields": {"comment": "Maybe next I can switch the order of the reply and cancel buttons.", "cflaggers": [], "comment_html": "<p>Maybe next I can switch the order of the reply and cancel buttons.\n</p>", "needs_review": 0, "is_msg": 0, "user": 3, "last_edit": null, "pub_date": "2010-03-06 09:54:31"}}, {"pk": 2671, "model": "comments.comment", "fields": {"comment": "It should be fine", "cflaggers": [], "comment_html": "<p>It should be fine\n</p>", "needs_review": 0, "is_msg": 0, "user": 3, "last_edit": null, "pub_date": "2010-03-06 09:54:13"}}, {"pk": 2670, "model": "comments.comment", "fields": {"comment": "Ought to see how it goes before it comes up in production", "cflaggers": [], "comment_html": "<p>Ought to see how it goes before it comes up in production\n</p>", "needs_review": 0, "is_msg": 0, "user": 3, "last_edit": null, "pub_date": "2010-03-06 09:54:02"}}, {"pk": 2669, "model": "comments.comment", "fields": {"comment": "fill'er up indeed", "cflaggers": [], "comment_html": "<p>fill'er up indeed\n</p>", "needs_review": 0, "is_msg": 0, "user": 3, "last_edit": null, "pub_date": "2010-03-06 09:53:47"}}, {"pk": 2668, "model": "comments.comment", "fields": {"comment": "Probably would be just as well", "cflaggers": [], "comment_html": "<p>Probably would be just as well\n</p>", "needs_review": 0, "is_msg": 0, "user": 3, "last_edit": null, "pub_date": "2010-03-06 09:53:37"}}, {"pk": 2667, "model": "comments.comment", "fields": {"comment": "Would that be so bad?", "cflaggers": [], "comment_html": "<p>Would that be so bad?\n</p>", "needs_review": 0, "is_msg": 0, "user": 3, "last_edit": null, "pub_date": "2010-03-06 09:53:26"}}, {"pk": 2666, "model": "comments.comment", "fields": {"comment": "We might end up testing pagination on this page too", "cflaggers": [], "comment_html": "<p>We might end up testing pagination on this page too\n</p>", "needs_review": 0, "is_msg": 0, "user": 3, "last_edit": null, "pub_date": "2010-03-06 09:53:17"}}, {"pk": 2665, "model": "comments.comment", "fields": {"comment": "I'll add some more down here", "cflaggers": [], "comment_html": "<p>I'll add some more down here\n</p>", "needs_review": 0, "is_msg": 0, "user": 3, "last_edit": null, "pub_date": "2010-03-06 09:53:03"}}, {"pk": 2664, "model": "comments.comment", "fields": {"comment": "but whatever", "cflaggers": [], "comment_html": "<p>but whatever\n</p>", "needs_review": 0, "is_msg": 0, "user": 3, "last_edit": null, "pub_date": "2010-03-06 09:52:53"}}, {"pk": 2663, "model": "comments.comment", "fields": {"comment": "I suppose I could lower it", "cflaggers": [], "comment_html": "<p>I suppose I could lower it\n</p>", "needs_review": 0, "is_msg": 0, "user": 3, "last_edit": null, "pub_date": "2010-03-06 09:52:50"}}, {"pk": 2662, "model": "comments.comment", "fields": {"comment": "quite a few", "cflaggers": [], "comment_html": "<p>quite a few\n</p>", "needs_review": 0, "is_msg": 0, "user": 3, "last_edit": null, "pub_date": "2010-03-06 09:52:43"}}, {"pk": 2661, "model": "comments.comment", "fields": {"comment": "it will probably take", "cflaggers": [], "comment_html": "<p>it will probably take\n</p>", "needs_review": 0, "is_msg": 0, "user": 3, "last_edit": null, "pub_date": "2010-03-06 09:52:39"}}, {"pk": 2660, "model": "comments.comment", "fields": {"comment": "on the replies", "cflaggers": [], "comment_html": "<p>on the replies\n</p>", "needs_review": 0, "is_msg": 0, "user": 3, "last_edit": null, "pub_date": "2010-03-06 09:52:33"}}, {"pk": 2659, "model": "comments.comment", "fields": {"comment": "to make sure that pagination works", "cflaggers": [], "comment_html": "<p>to make sure that pagination works\n</p>", "needs_review": 0, "is_msg": 0, "user": 3, "last_edit": null, "pub_date": "2010-03-06 09:52:29"}}, {"pk": 2658, "model": "comments.comment", "fields": {"comment": "try to fill'er up", "cflaggers": [], "comment_html": "<p>try to fill'er up\n</p>", "needs_review": 0, "is_msg": 0, "user": 3, "last_edit": null, "pub_date": "2010-03-06 09:52:22"}}, {"pk": 2657, "model": "comments.comment", "fields": {"comment": "might as well", "cflaggers": [], "comment_html": "<p>might as well\n</p>", "needs_review": 0, "is_msg": 0, "user": 3, "last_edit": null, "pub_date": "2010-03-06 09:52:17"}}, {"pk": 2656, "model": "comments.comment", "fields": {"comment": "that will make things interesting.", "cflaggers": [], "comment_html": "<p>that will make things interesting.\n</p>", "needs_review": 0, "is_msg": 0, "user": 3, "last_edit": null, "pub_date": "2010-03-05 19:36:11"}}, {"pk": 2655, "model": "comments.comment", "fields": {"comment": "let's have a few", "cflaggers": [], "comment_html": "<p>let's have a few\n</p>", "needs_review": 0, "is_msg": 0, "user": 3, "last_edit": null, "pub_date": "2010-03-05 19:35:59"}}, {"pk": 2654, "model": "comments.comment", "fields": {"comment": "so many topics", "cflaggers": [], "comment_html": "<p>so many topics\n</p>", "needs_review": 0, "is_msg": 0, "user": 3, "last_edit": null, "pub_date": "2010-03-05 19:35:29"}}, {"pk": 2653, "model": "comments.comment", "fields": {"comment": "that'll do", "cflaggers": [], "comment_html": "<p>that'll do\n</p>", "needs_review": 0, "is_msg": 0, "user": 1, "last_edit": null, "pub_date": "2010-03-05 06:23:42"}}, {"pk": 2652, "model": "comments.comment", "fields": {"comment": "fooferah", "cflaggers": [], "comment_html": "<p>fooferah\n</p>", "needs_review": 0, "is_msg": 0, "user": 1, "last_edit": null, "pub_date": "2010-03-05 06:23:12"}}, {"pk": 2651, "model": "comments.comment", "fields": {"comment": "argle bargle", "cflaggers": [], "comment_html": "<p>argle bargle\n</p>", "needs_review": 0, "is_msg": 0, "user": 1, "last_edit": null, "pub_date": "2010-03-05 06:22:01"}}, {"pk": 2650, "model": "comments.comment", "fields": {"comment": "hmmm", "cflaggers": [], "comment_html": "<p>hmmm\n</p>", "needs_review": 0, "is_msg": 0, "user": 1, "last_edit": null, "pub_date": "2010-03-05 06:20:40"}}, {"pk": 2649, "model": "comments.comment", "fields": {"comment": "follow", "cflaggers": [], "comment_html": "<p>follow\n</p>", "needs_review": 0, "is_msg": 0, "user": 1, "last_edit": null, "pub_date": "2010-03-04 21:34:59"}}, {"pk": 2648, "model": "comments.comment", "fields": {"comment": "not follow", "cflaggers": [], "comment_html": "<p>not follow\n</p>", "needs_review": 0, "is_msg": 0, "user": 1, "last_edit": null, "pub_date": "2010-03-04 21:34:48"}}, {"pk": 2647, "model": "comments.comment", "fields": {"comment": "and more", "cflaggers": [], "comment_html": "<p>and more\n</p>", "needs_review": 0, "is_msg": 0, "user": 1, "last_edit": null, "pub_date": "2010-03-04 21:09:27"}}, {"pk": 2646, "model": "comments.comment", "fields": {"comment": "more", "cflaggers": [], "comment_html": "<p>more\n</p>", "needs_review": 0, "is_msg": 0, "user": 1, "last_edit": null, "pub_date": "2010-03-04 21:09:19"}}, {"pk": 2645, "model": "comments.comment", "fields": {"comment": "rage", "cflaggers": [], "comment_html": "<p>rage\n</p>", "needs_review": 0, "is_msg": 0, "user": 12, "last_edit": null, "pub_date": "2010-03-04 21:03:42"}}, {"pk": 2644, "model": "comments.comment", "fields": {"comment": "oooook", "cflaggers": [], "comment_html": "<p>oooook\n</p>", "needs_review": 0, "is_msg": 0, "user": 12, "last_edit": null, "pub_date": "2010-03-04 20:58:03"}}, {"pk": 2643, "model": "comments.comment", "fields": {"comment": "need a comment", "cflaggers": [], "comment_html": "<p>need a comment\n</p>", "needs_review": 0, "is_msg": 0, "user": 12, "last_edit": null, "pub_date": "2010-03-04 20:38:55"}}, {"pk": 2642, "model": "comments.comment", "fields": {"comment": "what about really long comments. The div takes up such a large amount of space. I assume the text will stretch out to fill it, y'know?", "cflaggers": [], "comment_html": "<p>what about really long comments. The div takes up such a large amount of space. I assume the text will stretch out to fill it, y'know?\n</p>", "needs_review": 0, "is_msg": 0, "user": 3, "last_edit": null, "pub_date": "2010-03-04 18:59:38"}}, {"pk": 2641, "model": "comments.comment", "fields": {"comment": "I can reply here?", "cflaggers": [], "comment_html": "<p>I can reply here?\n</p>", "needs_review": 0, "is_msg": 0, "user": 3, "last_edit": null, "pub_date": "2010-03-04 18:56:07"}}, {"pk": 2640, "model": "comments.comment", "fields": {"comment": "So many comments", "cflaggers": [], "comment_html": "<p>So many comments\n</p>", "needs_review": 0, "is_msg": 0, "user": 3, "last_edit": null, "pub_date": "2010-03-04 18:36:09"}}, {"pk": 2639, "model": "comments.comment", "fields": {"comment": "well then", "cflaggers": [], "comment_html": "<p>well then\n</p>", "needs_review": 0, "is_msg": 0, "user": 1, "last_edit": null, "pub_date": "2010-03-04 18:35:28"}}, {"pk": 2638, "model": "comments.comment", "fields": {"comment": "gabe has accepted your challenge.\n\n[View this debate](/argue/256/)\n\nThis debate will remain active for 7 days. After the time is up, the participant with the most votes will be declared the winner.", "cflaggers": [], "comment_html": "<p>gabe has accepted your challenge.\n</p>\n<p><a href=\"/argue/256/\">View this debate</a>\n</p>\n<p>This debate will remain active for 7 days. After the time is up, the participant with the most votes will be declared the winner.\n</p>", "needs_review": 0, "is_msg": 1, "user": 1, "last_edit": null, "pub_date": "2010-03-04 18:35:20"}}, {"pk": 2637, "model": "comments.comment", "fields": {"comment": "Now, I follow automagically.", "cflaggers": [], "comment_html": "<p>Now, I follow automagically.\n</p>", "needs_review": 0, "is_msg": 0, "user": 1, "last_edit": null, "pub_date": "2010-03-04 06:56:15"}}, {"pk": 2636, "model": "comments.comment", "fields": {"comment": "another reply", "cflaggers": [], "comment_html": "<p>another reply\n</p>", "needs_review": 0, "is_msg": 0, "user": 1, "last_edit": null, "pub_date": "2010-03-04 06:46:06"}}, {"pk": 2635, "model": "comments.comment", "fields": {"comment": "New reply", "cflaggers": [], "comment_html": "<p>New reply\n</p>", "needs_review": 0, "is_msg": 0, "user": 1, "last_edit": null, "pub_date": "2010-03-04 06:28:26"}}, {"pk": 2634, "model": "comments.comment", "fields": {"comment": "My own reply.", "cflaggers": [], "comment_html": "<p>My own reply.\n</p>", "needs_review": 0, "is_msg": 0, "user": 1, "last_edit": null, "pub_date": "2010-03-03 18:43:29"}}, {"pk": 2633, "model": "comments.comment", "fields": {"comment": "Pay good attention.", "cflaggers": [], "comment_html": "<p>Pay good attention.\n</p>", "needs_review": 0, "is_msg": 0, "user": 3, "last_edit": null, "pub_date": "2010-02-28 12:27:57"}}, {"pk": 2631, "model": "comments.comment", "fields": {"comment": "Pay attention this time!", "cflaggers": [], "comment_html": "<p>Pay attention this time!\n</p>", "needs_review": 0, "is_msg": 0, "user": 3, "last_edit": null, "pub_date": "2010-02-28 12:27:49"}}, {"pk": 2632, "model": "comments.comment", "fields": {"comment": "", "cflaggers": [], "comment_html": "", "needs_review": 0, "is_msg": 0, "user": 3, "last_edit": null, "pub_date": "2010-02-28 12:27:49"}}, {"pk": 2630, "model": "comments.comment", "fields": {"comment": "One new reply.", "cflaggers": [], "comment_html": "<p>One new reply.\n</p>", "needs_review": 0, "is_msg": 0, "user": 3, "last_edit": null, "pub_date": "2010-02-28 12:27:02"}}, {"pk": 2628, "model": "comments.comment", "fields": {"comment": "gabe has offered a draw regarding the debate\n [let's see](/argue/245/)\nView the debate to accept or decline.", "cflaggers": [], "comment_html": "<p>gabe has offered a draw regarding the debate\n    <a href=\"/argue/245/\">let's see</a>\n   View the debate to accept or decline.\n</p>", "needs_review": 0, "is_msg": 1, "user": 1, "last_edit": null, "pub_date": "2010-02-24 18:23:52"}}, {"pk": 2629, "model": "comments.comment", "fields": {"comment": "Let's keep a draw out there.", "cflaggers": [], "comment_html": "<p>Let's keep a draw out there.\n</p>", "needs_review": 0, "is_msg": 0, "user": 1, "last_edit": null, "pub_date": "2010-02-24 18:23:52"}}, {"pk": 2627, "model": "comments.comment", "fields": {"comment": "yup", "cflaggers": [], "comment_html": "<p>yup\n</p>", "needs_review": 0, "is_msg": 0, "user": 1, "last_edit": null, "pub_date": "2010-02-23 18:19:12"}}, {"pk": 2626, "model": "comments.comment", "fields": {"comment": "lots of os\r\n\r\nmany", "cflaggers": [], "comment_html": "<p>lots of os\n</p>\n<p>many\n</p>", "needs_review": 0, "is_msg": 0, "user": 1, "last_edit": "2010-02-23 18:19:18", "pub_date": "2010-02-23 18:19:04"}}, {"pk": 2625, "model": "comments.comment", "fields": {"comment": "should be ok", "cflaggers": [], "comment_html": "<p>should be ok\n</p>", "needs_review": 0, "is_msg": 0, "user": 1, "last_edit": null, "pub_date": "2010-02-23 18:18:52"}}, {"pk": 2624, "model": "comments.comment", "fields": {"comment": "{{{\r\n\r\n#!python\r\n\r\nimport this\r\n\r\ndef something(args):\r\n  pass\r\n\r\n}}}", "cflaggers": [], "comment_html": "<div class=\"hilight\"><div class=\"source\"><pre><span class=\"lineno\">1</span> #!python<br /><span class=\"lineno\">2</span> <br /><span class=\"lineno\">3</span> import this<br /><span class=\"lineno\">4</span> <br /><span class=\"lineno\">5</span> def something(args):<br /><span class=\"lineno\">6</span>   pass<br /></pre></div>\n</div>", "needs_review": 0, "is_msg": 0, "user": 1, "last_edit": "2010-02-21 20:41:24", "pub_date": "2010-02-21 20:40:01"}}, {"pk": 2623, "model": "comments.comment", "fields": {"comment": "{{{python\r\nimport this\r\n}}}", "cflaggers": [], "comment_html": "<div class=\"hilight\"><div class=\"source\"><pre><span class=\"lineno\">1</span> python<br /><span class=\"lineno\">2</span> import this<br /></pre></div>\n</div>", "needs_review": 0, "is_msg": 0, "user": 1, "last_edit": null, "pub_date": "2010-02-21 20:38:46"}}, {"pk": 2622, "model": "comments.comment", "fields": {"comment": "comment with code?\r\n\r\n{{{ import this }}}", "cflaggers": [], "comment_html": "<p>comment with code?\n</p><div class=\"hilight\"><div class=\"source\"><pre><span class=\"lineno\">1</span>  import this <br /></pre></div>\n</div>", "needs_review": 0, "is_msg": 0, "user": 1, "last_edit": null, "pub_date": "2010-02-21 20:30:11"}}, {"pk": 2620, "model": "comments.comment", "fields": {"comment": "gabe has offered a draw regarding the debate\n [Third](/argue/254/)\nView the debate to accept or decline.", "cflaggers": [], "comment_html": "<p>gabe has offered a draw regarding the debate\n    <a href=\"/argue/254/\">Third</a>\n   View the debate to accept or decline.\n</p>", "needs_review": 0, "is_msg": 1, "user": 1, "last_edit": null, "pub_date": "2010-02-18 20:11:23"}}, {"pk": 2621, "model": "comments.comment", "fields": {"comment": "message", "cflaggers": [], "comment_html": "<p>message\n</p>", "needs_review": 0, "is_msg": 0, "user": 1, "last_edit": null, "pub_date": "2010-02-18 20:11:23"}}, {"pk": 2619, "model": "comments.comment", "fields": {"comment": "lovely", "cflaggers": [], "comment_html": "<p>lovely\n</p>", "needs_review": 0, "is_msg": 0, "user": 3, "last_edit": null, "pub_date": "2010-02-18 20:02:06"}}, {"pk": 2617, "model": "comments.comment", "fields": {"comment": "Is it too much?", "cflaggers": [], "comment_html": "<p>Is it too much?\n</p>", "needs_review": 0, "is_msg": 0, "user": 3, "last_edit": null, "pub_date": "2010-02-16 19:55:25"}}, {"pk": 2618, "model": "comments.comment", "fields": {"comment": "test has challenged you to a debate.\n\n[Click here](/argue/256/) to view the debate and accept or decline\n\nIf accepted, the debate will be active for 7 days, after which the participant with the most votes will win.", "cflaggers": [], "comment_html": "<p>test has challenged you to a debate.\n</p>\n<p><a href=\"/argue/256/\">Click here</a> to view the debate and accept or decline\n</p>\n<p>If accepted, the debate will be active for 7 days, after which the participant with the most votes will win.\n</p>", "needs_review": 0, "is_msg": 1, "user": 3, "last_edit": null, "pub_date": "2010-02-16 19:55:25"}}, {"pk": 2616, "model": "comments.comment", "fields": {"comment": "Yep, no serious changes.", "cflaggers": [], "comment_html": "<p>Yep, no serious changes.\n</p>", "needs_review": 0, "is_msg": 0, "user": 1, "last_edit": null, "pub_date": "2010-02-14 21:59:52"}}, {"pk": 2615, "model": "comments.comment", "fields": {"comment": "gabe has accepted your challenge.\n\n[View this debate](/argue/255/)\n\nThis debate will remain active for 7 days. After the time is up, the participant with the most votes will be declared the winner.", "cflaggers": [], "comment_html": "<p>gabe has accepted your challenge.\n</p>\n<p><a href=\"/argue/255/\">View this debate</a>\n</p>\n<p>This debate will remain active for 7 days. After the time is up, the participant with the most votes will be declared the winner.\n</p>", "needs_review": 0, "is_msg": 1, "user": 1, "last_edit": null, "pub_date": "2010-02-14 21:59:45"}}, {"pk": 2613, "model": "comments.comment", "fields": {"comment": "everything still all right.", "cflaggers": [], "comment_html": "<p>everything still all right.\n</p>", "needs_review": 0, "is_msg": 0, "user": 3, "last_edit": null, "pub_date": "2010-02-14 21:59:18"}}, {"pk": 2614, "model": "comments.comment", "fields": {"comment": "test has challenged you to a debate.\n\n[Click here](/argue/255/) to view the debate and accept or decline\n\nIf accepted, the debate will be active for 7 days, after which the participant with the most votes will win.", "cflaggers": [], "comment_html": "<p>test has challenged you to a debate.\n</p>\n<p><a href=\"/argue/255/\">Click here</a> to view the debate and accept or decline\n</p>\n<p>If accepted, the debate will be active for 7 days, after which the participant with the most votes will win.\n</p>", "needs_review": 0, "is_msg": 1, "user": 3, "last_edit": null, "pub_date": "2010-02-14 21:59:18"}}, {"pk": 2612, "model": "comments.comment", "fields": {"comment": "No worries here.", "cflaggers": [], "comment_html": "<p>No worries here.\n</p>", "needs_review": 0, "is_msg": 0, "user": 1, "last_edit": null, "pub_date": "2010-02-14 21:58:33"}}, {"pk": 2611, "model": "comments.comment", "fields": {"comment": "seems to be", "cflaggers": [], "comment_html": "<p>seems to be\n</p>", "needs_review": 0, "is_msg": 0, "user": 1, "last_edit": null, "pub_date": "2010-02-14 21:58:27"}}, {"pk": 2610, "model": "comments.comment", "fields": {"comment": "It should all be ok.", "cflaggers": [], "comment_html": "<p>It should all be ok.\n</p>", "needs_review": 0, "is_msg": 0, "user": 1, "last_edit": null, "pub_date": "2010-02-14 21:58:19"}}, {"pk": 2609, "model": "comments.comment", "fields": {"comment": "And I can edit. sent to topic?", "cflaggers": [], "comment_html": "<p>And I can edit. sent to topic?\n</p>", "needs_review": 0, "is_msg": 0, "user": 1, "last_edit": "2010-02-14 14:25:54", "pub_date": "2010-02-14 14:25:09"}}, {"pk": 2608, "model": "comments.comment", "fields": {"comment": "And branches.", "cflaggers": [], "comment_html": "<p>And branches.\n</p>", "needs_review": 0, "is_msg": 0, "user": 1, "last_edit": null, "pub_date": "2010-02-14 12:30:30"}}, {"pk": 2607, "model": "comments.comment", "fields": {"comment": "With a variety of levels.", "cflaggers": [], "comment_html": "<p>With a variety of levels.\n</p>", "needs_review": 0, "is_msg": 0, "user": 1, "last_edit": null, "pub_date": "2010-02-14 12:30:22"}}, {"pk": 2606, "model": "comments.comment", "fields": {"comment": "Yeah, A nice tree.", "cflaggers": [], "comment_html": "<p>Yeah, A nice tree.\n</p>", "needs_review": 0, "is_msg": 0, "user": 1, "last_edit": null, "pub_date": "2010-02-14 12:30:14"}}, {"pk": 2605, "model": "comments.comment", "fields": {"comment": "Could use one with a tree", "cflaggers": [], "comment_html": "<p>Could use one with a tree\n</p>", "needs_review": 0, "is_msg": 0, "user": 1, "last_edit": null, "pub_date": "2010-02-14 12:30:04"}}, {"pk": 2604, "model": "comments.comment", "fields": {"comment": "plenty of comments here", "cflaggers": [], "comment_html": "<p>plenty of comments here\n</p>", "needs_review": 0, "is_msg": 0, "user": 1, "last_edit": null, "pub_date": "2010-02-14 12:29:55"}}, {"pk": 2603, "model": "comments.comment", "fields": {"comment": "gabe has accepted your challenge.\n\n[View this debate](/argue/254/)\n\nThis debate will remain active for 7 days. After the time is up, the participant with the most votes will be declared the winner.", "cflaggers": [], "comment_html": "<p>gabe has accepted your challenge.\n</p>\n<p><a href=\"/argue/254/\">View this debate</a>\n</p>\n<p>This debate will remain active for 7 days. After the time is up, the participant with the most votes will be declared the winner.\n</p>", "needs_review": 0, "is_msg": 1, "user": 1, "last_edit": null, "pub_date": "2010-02-12 20:48:00"}}, {"pk": 2601, "model": "comments.comment", "fields": {"comment": "A new argument.", "cflaggers": [], "comment_html": "<p>A new argument.\n</p>", "needs_review": 0, "is_msg": 0, "user": 3, "last_edit": null, "pub_date": "2010-02-12 20:47:30"}}, {"pk": 2602, "model": "comments.comment", "fields": {"comment": "test has challenged you to a debate.\n\n[Click here](/argue/254/) to view the debate and accept or decline\n\nIf accepted, the debate will be active for 7 days, after which the participant with the most votes will win.", "cflaggers": [], "comment_html": "<p>test has challenged you to a debate.\n</p>\n<p><a href=\"/argue/254/\">Click here</a> to view the debate and accept or decline\n</p>\n<p>If accepted, the debate will be active for 7 days, after which the participant with the most votes will win.\n</p>", "needs_review": 0, "is_msg": 1, "user": 3, "last_edit": null, "pub_date": "2010-02-12 20:47:30"}}, {"pk": 2600, "model": "comments.comment", "fields": {"comment": "Second, a new topic comment.", "cflaggers": [], "comment_html": "<p>Second, a new topic comment.\n</p>", "needs_review": 0, "is_msg": 0, "user": 1, "last_edit": null, "pub_date": "2010-02-12 20:47:06"}}, {"pk": 2599, "model": "comments.comment", "fields": {"comment": "First a new topic.", "cflaggers": [], "comment_html": "<p>First a new topic.\n</p>", "needs_review": 0, "is_msg": 0, "user": 1, "last_edit": null, "pub_date": "2010-02-12 20:46:57"}}, {"pk": 2598, "model": "comments.comment", "fields": {"comment": "hooray!", "cflaggers": [], "comment_html": "<p>hooray!\n</p>", "needs_review": 0, "is_msg": 0, "user": 14, "last_edit": null, "pub_date": "2010-02-07 14:50:08"}}, {"pk": 2597, "model": "comments.comment", "fields": {"comment": "fast", "cflaggers": [], "comment_html": "<p>fast\n</p>", "needs_review": 0, "is_msg": 0, "user": 1, "last_edit": null, "pub_date": "2010-02-07 13:20:06"}}, {"pk": 2596, "model": "comments.comment", "fields": {"comment": "fast", "cflaggers": [], "comment_html": "<p>fast\n</p>", "needs_review": 0, "is_msg": 0, "user": 1, "last_edit": null, "pub_date": "2010-02-07 13:20:03"}}, {"pk": 2595, "model": "comments.comment", "fields": {"comment": "fast", "cflaggers": [], "comment_html": "<p>fast\n</p>", "needs_review": 0, "is_msg": 0, "user": 1, "last_edit": null, "pub_date": "2010-02-07 13:20:00"}}, {"pk": 2594, "model": "comments.comment", "fields": {"comment": "fast", "cflaggers": [], "comment_html": "<p>fast\n</p>", "needs_review": 0, "is_msg": 0, "user": 1, "last_edit": null, "pub_date": "2010-02-07 13:19:38"}}, {"pk": 2593, "model": "comments.comment", "fields": {"comment": "fast", "cflaggers": [], "comment_html": "<p>fast\n</p>", "needs_review": 0, "is_msg": 0, "user": 1, "last_edit": null, "pub_date": "2010-02-07 13:19:23"}}, {"pk": 2592, "model": "comments.comment", "fields": {"comment": "safe", "cflaggers": [], "comment_html": "<p>safe\n</p>", "needs_review": 0, "is_msg": 0, "user": 1, "last_edit": null, "pub_date": "2010-02-07 10:55:37"}}, {"pk": 2591, "model": "comments.comment", "fields": {"comment": "free!", "cflaggers": [], "comment_html": "<p>free!\n</p>", "needs_review": 0, "is_msg": 0, "user": 1, "last_edit": null, "pub_date": "2010-02-07 10:55:14"}}, {"pk": 2590, "model": "comments.comment", "fields": {"comment": "hmm", "cflaggers": [], "comment_html": "<p>hmm\n</p>", "needs_review": 0, "is_msg": 0, "user": 1, "last_edit": null, "pub_date": "2010-02-07 10:12:26"}}, {"pk": 2589, "model": "comments.comment", "fields": {"comment": "better?", "cflaggers": [], "comment_html": "<p>better?\n</p>", "needs_review": 0, "is_msg": 0, "user": 1, "last_edit": null, "pub_date": "2010-02-07 09:27:10"}}, {"pk": 2588, "model": "comments.comment", "fields": {"comment": "fast", "cflaggers": [], "comment_html": "<p>fast\n</p>", "needs_review": 0, "is_msg": 0, "user": 1, "last_edit": null, "pub_date": "2010-02-07 09:19:22"}}, {"pk": 2587, "model": "comments.comment", "fields": {"comment": "fast", "cflaggers": [], "comment_html": "<p>fast\n</p>", "needs_review": 0, "is_msg": 0, "user": 1, "last_edit": null, "pub_date": "2010-02-07 09:19:19"}}, {"pk": 2586, "model": "comments.comment", "fields": {"comment": "whew", "cflaggers": [], "comment_html": "<p>whew\n</p>", "needs_review": 0, "is_msg": 0, "user": 1, "last_edit": null, "pub_date": "2010-02-06 21:29:17"}}, {"pk": 2585, "model": "comments.comment", "fields": {"comment": "problem?", "cflaggers": [], "comment_html": "<p>problem?\n</p>", "needs_review": 0, "is_msg": 0, "user": 1, "last_edit": null, "pub_date": "2010-02-06 21:29:11"}}, {"pk": 2584, "model": "comments.comment", "fields": {"comment": "fast", "cflaggers": [], "comment_html": "<p>fast\n</p>", "needs_review": 0, "is_msg": 0, "user": 1, "last_edit": null, "pub_date": "2010-02-06 21:13:00"}}, {"pk": 2583, "model": "comments.comment", "fields": {"comment": "fast", "cflaggers": [], "comment_html": "<p>fast\n</p>", "needs_review": 0, "is_msg": 0, "user": 1, "last_edit": null, "pub_date": "2010-02-06 21:12:24"}}, {"pk": 2582, "model": "comments.comment", "fields": {"comment": "fast", "cflaggers": [], "comment_html": "<p>fast\n</p>", "needs_review": 0, "is_msg": 0, "user": 3, "last_edit": null, "pub_date": "2010-02-06 21:04:53"}}, {"pk": 2581, "model": "comments.comment", "fields": {"comment": "fast", "cflaggers": [], "comment_html": "<p>fast\n</p>", "needs_review": 0, "is_msg": 0, "user": 3, "last_edit": null, "pub_date": "2010-02-06 20:58:38"}}, {"pk": 2580, "model": "comments.comment", "fields": {"comment": "fast", "cflaggers": [], "comment_html": "<p>fast\n</p>", "needs_review": 0, "is_msg": 0, "user": 3, "last_edit": null, "pub_date": "2010-02-06 20:58:36"}}, {"pk": 2579, "model": "comments.comment", "fields": {"comment": "fast", "cflaggers": [], "comment_html": "<p>fast\n</p>", "needs_review": 0, "is_msg": 0, "user": 3, "last_edit": null, "pub_date": "2010-02-06 20:58:34"}}, {"pk": 2578, "model": "comments.comment", "fields": {"comment": "fast", "cflaggers": [], "comment_html": "<p>fast\n</p>", "needs_review": 0, "is_msg": 0, "user": 3, "last_edit": null, "pub_date": "2010-02-06 20:58:31"}}, {"pk": 2577, "model": "comments.comment", "fields": {"comment": "fast", "cflaggers": [], "comment_html": "<p>fast\n</p>", "needs_review": 0, "is_msg": 0, "user": 3, "last_edit": null, "pub_date": "2010-02-06 20:58:28"}}, {"pk": 2576, "model": "comments.comment", "fields": {"comment": "fast", "cflaggers": [], "comment_html": "<p>fast\n</p>", "needs_review": 0, "is_msg": 0, "user": 3, "last_edit": null, "pub_date": "2010-02-06 20:58:27"}}, {"pk": 2575, "model": "comments.comment", "fields": {"comment": "fast", "cflaggers": [], "comment_html": "<p>fast\n</p>", "needs_review": 0, "is_msg": 0, "user": 3, "last_edit": null, "pub_date": "2010-02-06 20:55:35"}}, {"pk": 2574, "model": "comments.comment", "fields": {"comment": "fast", "cflaggers": [], "comment_html": "<p>fast\n</p>", "needs_review": 0, "is_msg": 0, "user": 3, "last_edit": null, "pub_date": "2010-02-06 20:55:29"}}, {"pk": 2573, "model": "comments.comment", "fields": {"comment": "fast", "cflaggers": [], "comment_html": "<p>fast\n</p>", "needs_review": 0, "is_msg": 0, "user": 3, "last_edit": null, "pub_date": "2010-02-06 20:55:27"}}, {"pk": 2572, "model": "comments.comment", "fields": {"comment": "fast", "cflaggers": [], "comment_html": "<p>fast\n</p>", "needs_review": 0, "is_msg": 0, "user": 3, "last_edit": null, "pub_date": "2010-02-06 20:55:25"}}, {"pk": 2571, "model": "comments.comment", "fields": {"comment": "fast", "cflaggers": [], "comment_html": "<p>fast\n</p>", "needs_review": 0, "is_msg": 0, "user": 3, "last_edit": null, "pub_date": "2010-02-06 20:55:22"}}, {"pk": 2570, "model": "comments.comment", "fields": {"comment": "fast", "cflaggers": [], "comment_html": "<p>fast\n</p>", "needs_review": 0, "is_msg": 0, "user": 3, "last_edit": null, "pub_date": "2010-02-06 20:46:11"}}, {"pk": 2569, "model": "comments.comment", "fields": {"comment": "fast", "cflaggers": [], "comment_html": "<p>fast\n</p>", "needs_review": 0, "is_msg": 0, "user": 3, "last_edit": null, "pub_date": "2010-02-06 20:46:09"}}, {"pk": 2568, "model": "comments.comment", "fields": {"comment": "fast", "cflaggers": [], "comment_html": "<p>fast\n</p>", "needs_review": 0, "is_msg": 0, "user": 3, "last_edit": null, "pub_date": "2010-02-06 20:46:08"}}, {"pk": 2567, "model": "comments.comment", "fields": {"comment": "fast", "cflaggers": [], "comment_html": "<p>fast\n</p>", "needs_review": 0, "is_msg": 0, "user": 3, "last_edit": null, "pub_date": "2010-02-06 20:46:06"}}, {"pk": 2566, "model": "comments.comment", "fields": {"comment": "fast", "cflaggers": [], "comment_html": "<p>fast\n</p>", "needs_review": 0, "is_msg": 0, "user": 3, "last_edit": null, "pub_date": "2010-02-06 20:46:03"}}, {"pk": 2565, "model": "comments.comment", "fields": {"comment": "fast", "cflaggers": [], "comment_html": "<p>fast\n</p>", "needs_review": 0, "is_msg": 0, "user": 3, "last_edit": null, "pub_date": "2010-02-06 20:45:45"}}, {"pk": 2564, "model": "comments.comment", "fields": {"comment": "Is it ok?\r\n\r\nhttp://www.reddit.com/r/AskReddit/comments/axb29/considering_switching_from_xp_to_some_flavor_of/", "cflaggers": [], "comment_html": "<p>Is it ok?\n</p>\n<p><a rel=\"nofollow\" href=\"http://www.reddit.com/r/AskReddit/comments/axb29/considering_switching_from_xp_to_some_flavor_of/\">http://www.reddit.com/r/AskReddit/comments/axb29/considering_switching_from_xp_to_some_flavor_of/</a>\n</p>", "needs_review": 0, "is_msg": 0, "user": 1, "last_edit": null, "pub_date": "2010-02-02 18:59:38"}}, {"pk": 2563, "model": "comments.comment", "fields": {"comment": "with parens http://en.wikipedia.org/wiki/Christophe_Moulin_(1971)\r\n\r\nparens in parens (http://en.wikipedia.org/wiki/Christophe_Moulin_(1971))\r\n\r\n and not http://en.wikipedia.org/wiki/Christophe_Moulin_(1971)", "cflaggers": [], "comment_html": "<p>with parens <a rel=\"nofollow\" href=\"http://en.wikipedia.org/wiki/Christophe_Moulin_(1971)\">http://en.wikipedia.org/wiki/Christophe_Moulin_(1971)</a>\n</p>\n<p>parens in parens (<a rel=\"nofollow\" href=\"http://en.wikipedia.org/wiki/Christophe_Moulin_(1971)\">http://en.wikipedia.org/wiki/Christophe_Moulin_(1971)</a>)\n</p>\n<p> and not <a rel=\"nofollow\" href=\"http://en.wikipedia.org/wiki/Christophe_Moulin_(1971)\">http://en.wikipedia.org/wiki/Christophe_Moulin_(1971)</a>\n</p>", "needs_review": 0, "is_msg": 0, "user": 1, "last_edit": "2010-02-01 06:41:00", "pub_date": "2010-02-01 06:39:56"}}, {"pk": 2562, "model": "comments.comment", "fields": {"comment": "And again.\r\n\r\nhttp://news.ycombinator.com/item?id=1091814\r\n\r\njust lovely (http://news.ycombinator.com/item?id=1091814)\r\n\r\nand in a [link](http://news.ycombinator.com/item?id=1091814)", "cflaggers": [], "comment_html": "<p>And again.\n</p>\n<p><a rel=\"nofollow\" href=\"http://news.ycombinator.com/item?id=1091814\">http://news.ycombinator.com/item?id=1091814</a>\n</p>\n<p>just lovely (<a rel=\"nofollow\" href=\"http://news.ycombinator.com/item?id=1091814\">http://news.ycombinator.com/item?id=1091814</a>)\n</p>\n<p>and in a <a href=\"http://news.ycombinator.com/item?id=1091814\">link</a>\n</p>", "needs_review": 0, "is_msg": 0, "user": 1, "last_edit": "2010-02-01 06:41:16", "pub_date": "2010-02-01 06:39:07"}}, {"pk": 2561, "model": "comments.comment", "fields": {"comment": "So far, so good.", "cflaggers": [], "comment_html": "<p>So far, so good.\n</p>", "needs_review": 0, "is_msg": 0, "user": 1, "last_edit": null, "pub_date": "2010-01-31 09:30:30"}}, {"pk": 2560, "model": "comments.comment", "fields": {"comment": "A redirect of any kind\r\n\r\nany kind at all.", "cflaggers": [], "comment_html": "<p>A redirect of any kind\n</p>\n<p>any kind at all.\n</p>", "needs_review": 0, "is_msg": 0, "user": 1, "last_edit": "2010-01-31 09:28:30", "pub_date": "2010-01-31 09:28:20"}}, {"pk": 2559, "model": "comments.comment", "fields": {"comment": "Of course it works on a redirect.", "cflaggers": [], "comment_html": "<p>Of course it works on a redirect.\n</p>", "needs_review": 0, "is_msg": 0, "user": 1, "last_edit": null, "pub_date": "2010-01-31 09:28:08"}}, {"pk": 2558, "model": "comments.comment", "fields": {"comment": "yet, comments", "cflaggers": [], "comment_html": "<p>yet, comments\n</p>", "needs_review": 0, "is_msg": 0, "user": 1, "last_edit": null, "pub_date": "2010-01-29 21:34:28"}}, {"pk": 2557, "model": "comments.comment", "fields": {"comment": "This guy's got all the comments", "cflaggers": [], "comment_html": "<p>This guy's got all the comments\n</p>", "needs_review": 0, "is_msg": 0, "user": 1, "last_edit": null, "pub_date": "2010-01-29 21:14:56"}}, {"pk": 2556, "model": "comments.comment", "fields": {"comment": "whooooooooops", "cflaggers": [], "comment_html": "<p>whooooooooops\n</p>", "needs_review": 0, "is_msg": 0, "user": 1, "last_edit": null, "pub_date": "2010-01-28 20:34:11"}}, {"pk": 2555, "model": "comments.comment", "fields": {"comment": "Nice \"first\", jerks.", "cflaggers": [], "comment_html": "<p>Nice \"first\", jerks.\n</p>", "needs_review": 0, "is_msg": 0, "user": 1, "last_edit": null, "pub_date": "2010-01-28 20:30:09"}}, {"pk": 2554, "model": "comments.comment", "fields": {"comment": "first!!!", "cflaggers": [], "comment_html": "<p>first!!!\n</p>", "needs_review": 0, "is_msg": 0, "user": 1, "last_edit": null, "pub_date": "2010-01-28 20:24:44"}}, {"pk": 2553, "model": "comments.comment", "fields": {"comment": "first!", "cflaggers": [], "comment_html": "<p>first!\n</p>", "needs_review": 0, "is_msg": 0, "user": 1, "last_edit": null, "pub_date": "2010-01-28 20:24:02"}}, {"pk": 2552, "model": "comments.comment", "fields": {"comment": "first!", "cflaggers": [], "comment_html": "<p>first!\n</p>", "needs_review": 0, "is_msg": 0, "user": 1, "last_edit": null, "pub_date": "2010-01-28 20:23:19"}}, {"pk": 2551, "model": "comments.comment", "fields": {"comment": "but oh well.", "cflaggers": [], "comment_html": "<p>but oh well.\n</p>", "needs_review": 0, "is_msg": 0, "user": 10, "last_edit": null, "pub_date": "2010-01-15 00:23:16"}}, {"pk": 2550, "model": "comments.comment", "fields": {"comment": "nope, doesn't.\r\n\r\nMaybe one day.", "cflaggers": [], "comment_html": "<p>nope, doesn't.\n</p>\n<p>Maybe one day.\n</p>", "needs_review": 0, "is_msg": 0, "user": 10, "last_edit": "2010-01-15 00:23:24", "pub_date": "2010-01-15 00:23:08"}}, {"pk": 2549, "model": "comments.comment", "fields": {"comment": "it never does end\r\n\r\nsome day...", "cflaggers": [], "comment_html": "<p>it never does end\n</p>\n<p>some day...\n</p>", "needs_review": 0, "is_msg": 0, "user": 10, "last_edit": null, "pub_date": "2010-01-15 00:23:02"}}, {"pk": 2548, "model": "comments.comment", "fields": {"comment": "test4 has accepted your offer of a draw regarding \n[man](/argue/252/)", "cflaggers": [], "comment_html": "<p>test4 has accepted your offer of a draw regarding \n   <a href=\"/argue/252/\">man</a>\n</p>", "needs_review": 0, "is_msg": 1, "user": 10, "last_edit": null, "pub_date": "2010-01-15 00:16:20"}}, {"pk": 2546, "model": "comments.comment", "fields": {"comment": "test8 has offered a draw regarding the debate\n [man](/argue/252/)\nView the debate to accept or decline.", "cflaggers": [], "comment_html": "<p>test8 has offered a draw regarding the debate\n    <a href=\"/argue/252/\">man</a>\n   View the debate to accept or decline.\n</p>", "needs_review": 0, "is_msg": 1, "user": 12, "last_edit": null, "pub_date": "2010-01-15 00:15:58"}}, {"pk": 2547, "model": "comments.comment", "fields": {"comment": "whatevs.", "cflaggers": [], "comment_html": "<p>whatevs.\n</p>", "needs_review": 0, "is_msg": 0, "user": 12, "last_edit": null, "pub_date": "2010-01-15 00:15:58"}}, {"pk": 2545, "model": "comments.comment", "fields": {"comment": "test8 has conceded in the debate\n[nah](/argue/253/)", "cflaggers": [], "comment_html": "<p>test8 has conceded in the debate\n   <a href=\"/argue/253/\">nah</a>\n</p>", "needs_review": 0, "is_msg": 1, "user": 12, "last_edit": null, "pub_date": "2010-01-15 00:15:43"}}, {"pk": 2544, "model": "comments.comment", "fields": {"comment": "test8 has declined your offer of a draw regarding \n[nah](/argue/253/)", "cflaggers": [], "comment_html": "<p>test8 has declined your offer of a draw regarding \n   <a href=\"/argue/253/\">nah</a>\n</p>", "needs_review": 0, "is_msg": 1, "user": 12, "last_edit": null, "pub_date": "2010-01-15 00:15:40"}}, {"pk": 2542, "model": "comments.comment", "fields": {"comment": "test has offered a draw regarding the debate\n [nah](/argue/253/)\nView the debate to accept or decline.", "cflaggers": [], "comment_html": "<p>test has offered a draw regarding the debate\n    <a href=\"/argue/253/\">nah</a>\n   View the debate to accept or decline.\n</p>", "needs_review": 0, "is_msg": 1, "user": 3, "last_edit": null, "pub_date": "2010-01-15 00:15:22"}}, {"pk": 2543, "model": "comments.comment", "fields": {"comment": "let's end it then", "cflaggers": [], "comment_html": "<p>let's end it then\n</p>", "needs_review": 0, "is_msg": 0, "user": 3, "last_edit": null, "pub_date": "2010-01-15 00:15:22"}}, {"pk": 2541, "model": "comments.comment", "fields": {"comment": "that's better", "cflaggers": [], "comment_html": "<p>that's better\n</p>", "needs_review": 0, "is_msg": 0, "user": 12, "last_edit": null, "pub_date": "2010-01-15 00:14:55"}}, {"pk": 2540, "model": "comments.comment", "fields": {"comment": "test8 has accepted your challenge.\n\n[View this debate](/argue/253/)\n\nThis debate will remain active for 7 days. After the time is up, the participant with the most votes will be declared the winner.", "cflaggers": [], "comment_html": "<p>test8 has accepted your challenge.\n</p>\n<p><a href=\"/argue/253/\">View this debate</a>\n</p>\n<p>This debate will remain active for 7 days. After the time is up, the participant with the most votes will be declared the winner.\n</p>", "needs_review": 0, "is_msg": 1, "user": 12, "last_edit": null, "pub_date": "2010-01-15 00:14:48"}}, {"pk": 2538, "model": "comments.comment", "fields": {"comment": "Don't do it.", "cflaggers": [], "comment_html": "<p>Don't do it.\n</p>", "needs_review": 0, "is_msg": 0, "user": 3, "last_edit": null, "pub_date": "2010-01-15 00:11:50"}}, {"pk": 2539, "model": "comments.comment", "fields": {"comment": "test has challenged you to a debate.\n\n[Click here](/argue/253/) to view the debate and accept or decline\n\nIf accepted, the debate will be active for 7 days, after which the participant with the most votes will win.", "cflaggers": [], "comment_html": "<p>test has challenged you to a debate.\n</p>\n<p><a href=\"/argue/253/\">Click here</a> to view the debate and accept or decline\n</p>\n<p>If accepted, the debate will be active for 7 days, after which the participant with the most votes will win.\n</p>", "needs_review": 0, "is_msg": 1, "user": 3, "last_edit": null, "pub_date": "2010-01-15 00:11:50"}}, {"pk": 2537, "model": "comments.comment", "fields": {"comment": "well, well, well", "cflaggers": [], "comment_html": "<p>well, well, well\n</p>", "needs_review": 0, "is_msg": 0, "user": 12, "last_edit": null, "pub_date": "2010-01-10 16:09:32"}}, {"pk": 2536, "model": "comments.comment", "fields": {"comment": "test8 has accepted your challenge.\n\n[View this debate](/argue/245/)\n\nThis debate will remain active for 7 days. After the time is up, the participant with the most votes will be declared the winner.", "cflaggers": [], "comment_html": "<p>test8 has accepted your challenge.\n</p>\n<p><a href=\"/argue/245/\">View this debate</a>\n</p>\n<p>This debate will remain active for 7 days. After the time is up, the participant with the most votes will be declared the winner.\n</p>", "needs_review": 0, "is_msg": 1, "user": 12, "last_edit": null, "pub_date": "2010-01-10 16:09:23"}}, {"pk": 2535, "model": "comments.comment", "fields": {"comment": "Stunning rhetoric", "cflaggers": [], "comment_html": "<p>Stunning rhetoric\n</p>", "needs_review": 0, "is_msg": 0, "user": 10, "last_edit": null, "pub_date": "2010-01-10 15:43:04"}}, {"pk": 2534, "model": "comments.comment", "fields": {"comment": "le sigh", "cflaggers": [], "comment_html": "<p>le sigh\n</p>", "needs_review": 0, "is_msg": 0, "user": 12, "last_edit": null, "pub_date": "2010-01-10 15:31:44"}}, {"pk": 2533, "model": "comments.comment", "fields": {"comment": "test8 has accepted your challenge.\n\n[View this debate](/argue/252/)\n\nThis debate will remain active for 7 days. After the time is up, the participant with the most votes will be declared the winner.", "cflaggers": [], "comment_html": "<p>test8 has accepted your challenge.\n</p>\n<p><a href=\"/argue/252/\">View this debate</a>\n</p>\n<p>This debate will remain active for 7 days. After the time is up, the participant with the most votes will be declared the winner.\n</p>", "needs_review": 0, "is_msg": 1, "user": 12, "last_edit": null, "pub_date": "2010-01-10 15:31:39"}}, {"pk": 2531, "model": "comments.comment", "fields": {"comment": "What an ugly bunch of links.", "cflaggers": [], "comment_html": "<p>What an ugly bunch of links.\n</p>", "needs_review": 0, "is_msg": 0, "user": 10, "last_edit": null, "pub_date": "2010-01-10 15:31:17"}}, {"pk": 2532, "model": "comments.comment", "fields": {"comment": "test4 has challenged you to a debate.\n\n[Click here](/argue/252/) to view the debate and accept or decline\n\nIf accepted, the debate will be active for 7 days, after which the participant with the most votes will win.", "cflaggers": [], "comment_html": "<p>test4 has challenged you to a debate.\n</p>\n<p><a href=\"/argue/252/\">Click here</a> to view the debate and accept or decline\n</p>\n<p>If accepted, the debate will be active for 7 days, after which the participant with the most votes will win.\n</p>", "needs_review": 0, "is_msg": 1, "user": 10, "last_edit": null, "pub_date": "2010-01-10 15:31:17"}}, {"pk": 2526, "model": "comments.comment", "fields": {"comment": "Sorry! You have lost the argument \n[another](/argue/249/)\n By popular vote.", "cflaggers": [], "comment_html": "<p>Sorry! You have lost the argument \n   <a href=\"/argue/249/\">another</a>\n    By popular vote.\n</p>", "needs_review": 0, "is_msg": 1, "user": 3, "last_edit": null, "pub_date": "2010-01-10 15:25:59"}}, {"pk": 2527, "model": "comments.comment", "fields": {"comment": "By popular demand, you are the winner of the argument \n[rejoice?](/argue/248/)\nCongratulations!", "cflaggers": [], "comment_html": "<p>By popular demand, you are the winner of the argument \n   <a href=\"/argue/248/\">rejoice?</a>\n   Congratulations!\n</p>", "needs_review": 0, "is_msg": 1, "user": 7, "last_edit": null, "pub_date": "2010-01-10 15:25:59"}}, {"pk": 2528, "model": "comments.comment", "fields": {"comment": "Sorry! You have lost the argument \n[rejoice?](/argue/248/)\n By popular vote.", "cflaggers": [], "comment_html": "<p>Sorry! You have lost the argument \n   <a href=\"/argue/248/\">rejoice?</a>\n    By popular vote.\n</p>", "needs_review": 0, "is_msg": 1, "user": 1, "last_edit": null, "pub_date": "2010-01-10 15:25:59"}}, {"pk": 2529, "model": "comments.comment", "fields": {"comment": "The masses have spoken regarding the argument \n[wonderful but...](/argue/251/)\nand their answer is...It's a tie", "cflaggers": [], "comment_html": "<p>The masses have spoken regarding the argument \n   <a href=\"/argue/251/\">wonderful but...</a>\n   and their answer is...It's a tie\n</p>", "needs_review": 0, "is_msg": 1, "user": 1, "last_edit": null, "pub_date": "2010-01-10 15:25:59"}}, {"pk": 2530, "model": "comments.comment", "fields": {"comment": "The masses have spoken regarding the argument \n[wonderful but...](/argue/251/)\nand their answer is...It's a tie", "cflaggers": [], "comment_html": "<p>The masses have spoken regarding the argument \n   <a href=\"/argue/251/\">wonderful but...</a>\n   and their answer is...It's a tie\n</p>", "needs_review": 0, "is_msg": 1, "user": 4, "last_edit": null, "pub_date": "2010-01-10 15:25:59"}}, {"pk": 2524, "model": "comments.comment", "fields": {"comment": "gabe has accepted your challenge.\n\n[View this debate](/argue/251/)\n\nThis debate will remain active for 7 days. After the time is up, the participant with the most votes will be declared the winner.", "cflaggers": [], "comment_html": "<p>gabe has accepted your challenge.\n</p>\n<p><a href=\"/argue/251/\">View this debate</a>\n</p>\n<p>This debate will remain active for 7 days. After the time is up, the participant with the most votes will be declared the winner.\n</p>", "needs_review": 0, "is_msg": 1, "user": 1, "last_edit": null, "pub_date": "2010-01-10 15:18:03"}}, {"pk": 2522, "model": "comments.comment", "fields": {"comment": "pretty exhausting to test.", "cflaggers": [], "comment_html": "<p>pretty exhausting to test.\n</p>", "needs_review": 0, "is_msg": 0, "user": 4, "last_edit": null, "pub_date": "2010-01-10 15:17:45"}}, {"pk": 2523, "model": "comments.comment", "fields": {"comment": "test2 has challenged you to a debate.\n\n[Click here](/argue/251/) to view the debate and accept or decline\n\nIf accepted, the debate will be active for 7 days, after which the participant with the most votes will win.", "cflaggers": [], "comment_html": "<p>test2 has challenged you to a debate.\n</p>\n<p><a href=\"/argue/251/\">Click here</a> to view the debate and accept or decline\n</p>\n<p>If accepted, the debate will be active for 7 days, after which the participant with the most votes will win.\n</p>", "needs_review": 0, "is_msg": 1, "user": 4, "last_edit": null, "pub_date": "2010-01-10 15:17:45"}}, {"pk": 2521, "model": "comments.comment", "fields": {"comment": "gabe has declined your challenge.", "cflaggers": [], "comment_html": "<p>gabe has declined your challenge.\n</p>", "needs_review": 0, "is_msg": 1, "user": 1, "last_edit": null, "pub_date": "2010-01-10 14:55:32"}}, {"pk": 2519, "model": "comments.comment", "fields": {"comment": "One to decline.", "cflaggers": [], "comment_html": "<p>One to decline.\n</p>", "needs_review": 0, "is_msg": 0, "user": 4, "last_edit": null, "pub_date": "2010-01-10 14:55:11"}}, {"pk": 2520, "model": "comments.comment", "fields": {"comment": "test2 has challenged you to a debate.\n\n[Click here](/argue/250/) to view the debate and accept or decline\n\nIf accepted, the debate will be active for 7 days, after which the participant with the most votes will win.", "cflaggers": [], "comment_html": "<p>test2 has challenged you to a debate.\n</p>\n<p><a href=\"/argue/250/\">Click here</a> to view the debate and accept or decline\n</p>\n<p>If accepted, the debate will be active for 7 days, after which the participant with the most votes will win.\n</p>", "needs_review": 0, "is_msg": 1, "user": 4, "last_edit": null, "pub_date": "2010-01-10 14:55:11"}}, {"pk": 2518, "model": "comments.comment", "fields": {"comment": "gabe has accepted your challenge.\n\n[View this debate](/argue/249/)\n\nThis debate will remain active for 7 days. After the time is up, the participant with the most votes will be declared the winner.", "cflaggers": [], "comment_html": "<p>gabe has accepted your challenge.\n</p>\n<p><a href=\"/argue/249/\">View this debate</a>\n</p>\n<p>This debate will remain active for 7 days. After the time is up, the participant with the most votes will be declared the winner.\n</p>", "needs_review": 0, "is_msg": 1, "user": 1, "last_edit": null, "pub_date": "2010-01-10 14:54:38"}}, {"pk": 2516, "model": "comments.comment", "fields": {"comment": "Better test it again.", "cflaggers": [], "comment_html": "<p>Better test it again.\n</p>", "needs_review": 0, "is_msg": 0, "user": 3, "last_edit": null, "pub_date": "2010-01-10 14:54:15"}}, {"pk": 2517, "model": "comments.comment", "fields": {"comment": "test has challenged you to a debate.\n\n[Click here](/argue/249/) to view the debate and accept or decline\n\nIf accepted, the debate will be active for 7 days, after which the participant with the most votes will win.", "cflaggers": [], "comment_html": "<p>test has challenged you to a debate.\n</p>\n<p><a href=\"/argue/249/\">Click here</a> to view the debate and accept or decline\n</p>\n<p>If accepted, the debate will be active for 7 days, after which the participant with the most votes will win.\n</p>", "needs_review": 0, "is_msg": 1, "user": 3, "last_edit": null, "pub_date": "2010-01-10 14:54:15"}}, {"pk": 2515, "model": "comments.comment", "fields": {"comment": "gabe has accepted your challenge.\n\n[View this debate](/argue/248/)\n\nThis debate will remain active for 7 days. After the time is up, the participant with the most votes will be declared the winner.", "cflaggers": [], "comment_html": "<p>gabe has accepted your challenge.\n</p>\n<p><a href=\"/argue/248/\">View this debate</a>\n</p>\n<p>This debate will remain active for 7 days. After the time is up, the participant with the most votes will be declared the winner.\n</p>", "needs_review": 0, "is_msg": 1, "user": 1, "last_edit": null, "pub_date": "2010-01-10 14:51:55"}}, {"pk": 2513, "model": "comments.comment", "fields": {"comment": "Cocked that right up, didn't you?", "cflaggers": [], "comment_html": "<p>Cocked that right up, didn't you?\n</p>", "needs_review": 0, "is_msg": 0, "user": 7, "last_edit": null, "pub_date": "2010-01-10 14:50:28"}}, {"pk": 2514, "model": "comments.comment", "fields": {"comment": "test3 has challenged you to a debate.\n\n[Click here](/argue/248/) to view the debate and accept or decline\n\nIf accepted, the debate will be active for 7 days, after which the participant with the most votes will win.", "cflaggers": [], "comment_html": "<p>test3 has challenged you to a debate.\n</p>\n<p><a href=\"/argue/248/\">Click here</a> to view the debate and accept or decline\n</p>\n<p>If accepted, the debate will be active for 7 days, after which the participant with the most votes will win.\n</p>", "needs_review": 0, "is_msg": 1, "user": 7, "last_edit": null, "pub_date": "2010-01-10 14:50:28"}}, {"pk": 2512, "model": "comments.comment", "fields": {"comment": "test3 has conceded in the debate\n[fresh meat](/argue/246/)", "cflaggers": [], "comment_html": "<p>test3 has conceded in the debate\n   <a href=\"/argue/246/\">fresh meat</a>\n</p>", "needs_review": 0, "is_msg": 1, "user": 7, "last_edit": null, "pub_date": "2010-01-10 14:44:26"}}, {"pk": 2511, "model": "comments.comment", "fields": {"comment": "gabe has accepted your offer of a draw regarding \n[one more thing](/argue/244/)", "cflaggers": [], "comment_html": "<p>gabe has accepted your offer of a draw regarding \n   <a href=\"/argue/244/\">one more thing</a>\n</p>", "needs_review": 0, "is_msg": 1, "user": 1, "last_edit": null, "pub_date": "2010-01-10 14:44:01"}}, {"pk": 2509, "model": "comments.comment", "fields": {"comment": "test8 has offered a draw regarding the debate\n [one more thing](/argue/244/)\nView the debate to accept or decline.", "cflaggers": [], "comment_html": "<p>test8 has offered a draw regarding the debate\n    <a href=\"/argue/244/\">one more thing</a>\n   View the debate to accept or decline.\n</p>", "needs_review": 0, "is_msg": 1, "user": 12, "last_edit": null, "pub_date": "2010-01-10 14:43:36"}}, {"pk": 2510, "model": "comments.comment", "fields": {"comment": "Or maybe not?", "cflaggers": [], "comment_html": "<p>Or maybe not?\n</p>", "needs_review": 0, "is_msg": 0, "user": 12, "last_edit": null, "pub_date": "2010-01-10 14:43:36"}}, {"pk": 2508, "model": "comments.comment", "fields": {"comment": "test8 has declined your offer of a draw regarding \n[one more thing](/argue/244/)", "cflaggers": [], "comment_html": "<p>test8 has declined your offer of a draw regarding \n   <a href=\"/argue/244/\">one more thing</a>\n</p>", "needs_review": 0, "is_msg": 1, "user": 12, "last_edit": null, "pub_date": "2010-01-10 14:17:46"}}, {"pk": 2506, "model": "comments.comment", "fields": {"comment": "gabe has offered a draw regarding the debate\n [one more thing](/argue/244/)\nView the debate to accept or decline.", "cflaggers": [], "comment_html": "<p>gabe has offered a draw regarding the debate\n    <a href=\"/argue/244/\">one more thing</a>\n   View the debate to accept or decline.\n</p>", "needs_review": 0, "is_msg": 1, "user": 1, "last_edit": null, "pub_date": "2010-01-10 14:17:12"}}, {"pk": 2507, "model": "comments.comment", "fields": {"comment": "Ok, maybe a draw.", "cflaggers": [], "comment_html": "<p>Ok, maybe a draw.\n</p>", "needs_review": 0, "is_msg": 0, "user": 1, "last_edit": null, "pub_date": "2010-01-10 14:17:12"}}, {"pk": 2503, "model": "comments.comment", "fields": {"comment": "test8 has offered a draw regarding the debate\n [one more thing](/argue/244/)\nView the debate to accept or decline.", "cflaggers": [], "comment_html": "<p>test8 has offered a draw regarding the debate\n    <a href=\"/argue/244/\">one more thing</a>\n   View the debate to accept or decline.\n</p>", "needs_review": 0, "is_msg": 1, "user": 12, "last_edit": null, "pub_date": "2010-01-10 14:12:30"}}, {"pk": 2504, "model": "comments.comment", "fields": {"comment": "Maybe now we can put all this behind us.", "cflaggers": [], "comment_html": "<p>Maybe now we can put all this behind us.\n</p>", "needs_review": 0, "is_msg": 0, "user": 12, "last_edit": null, "pub_date": "2010-01-10 14:12:30"}}, {"pk": 2502, "model": "comments.comment", "fields": {"comment": "Now better?", "cflaggers": [], "comment_html": "<p>Now better?\n</p>", "needs_review": 0, "is_msg": 0, "user": 1, "last_edit": null, "pub_date": "2010-01-10 13:49:30"}}, {"pk": 2501, "model": "comments.comment", "fields": {"comment": "And so we shall!  \r\nEdit: A wonderful idea.", "cflaggers": [], "comment_html": "<p>And so we shall!<br />\nEdit: A wonderful idea.\n</p>", "needs_review": 0, "is_msg": 0, "user": 1, "last_edit": "2010-01-09 19:50:10", "pub_date": "2010-01-09 19:48:35"}}, {"pk": 2500, "model": "comments.comment", "fields": {"comment": "We should rejoice!", "cflaggers": [], "comment_html": "<p>We should rejoice!\n</p>", "needs_review": 0, "is_msg": 0, "user": 1, "last_edit": null, "pub_date": "2010-01-09 19:40:09"}}, {"pk": 2499, "model": "comments.comment", "fields": {"comment": "One of TopicComments, ArgComments, nVotes, and Debates!  \r\nedit: weird", "cflaggers": [], "comment_html": "<p>One of TopicComments, ArgComments, nVotes, and Debates!<br />\nedit: weird\n</p>", "needs_review": 0, "is_msg": 0, "user": 1, "last_edit": null, "pub_date": "2010-01-09 19:36:38"}}, {"pk": 2367, "model": "comments.comment", "fields": {"comment": "![I wonder...](http://imgs.xkcd.com/comics/december_25th.png)\r\n\r\nhahaha, this could be interesting.\r\n", "cflaggers": [], "comment_html": "<p><img src=\"http://imgs.xkcd.com/comics/december_25th.png\" alt=\"I wonder...\"/>\n</p>\n<p>hahaha, this could be interesting.\n</p>", "needs_review": 0, "is_msg": 0, "user": 13, "last_edit": "2009-12-26 23:27:01", "pub_date": "2009-12-26 23:26:45"}}, {"pk": 2366, "model": "comments.comment", "fields": {"comment": ">Here is where the blockquoting goes awry\r\n\r\nor at least where it did", "cflaggers": [], "comment_html": "<blockquote><p>Here is where the blockquoting goes awry\n</p>\n</blockquote><p>or at least where it did\n</p>", "needs_review": 0, "is_msg": 0, "user": 1, "last_edit": null, "pub_date": "2009-12-12 16:03:02"}}, {"pk": 2365, "model": "comments.comment", "fields": {"comment": ">blockquoted text didn't look so fucked up here\r\n\r\nI must have done something", "cflaggers": [], "comment_html": "<blockquote><p>blockquoted text didn't look so fucked up here\n</p>\n</blockquote><p>I must have done something\n</p>", "needs_review": 0, "is_msg": 0, "user": 1, "last_edit": null, "pub_date": "2009-12-12 16:00:48"}}, {"pk": 2498, "model": "comments.comment", "fields": {"comment": "Plenty indeed", "cflaggers": [], "comment_html": "<p>Plenty indeed\n</p>", "needs_review": 0, "is_msg": 0, "user": 12, "last_edit": null, "pub_date": "2009-12-05 16:01:08"}}, {"pk": 481, "model": "comments.comment", "fields": {"comment": "test8 has accepted your challenge.\n\n[View this debate](/argue/51/)\n\nThis argument will remain active for 7 days. After the time is up, the participant with the most votes will be declared the winner.", "cflaggers": [], "comment_html": "<p>test8 has accepted your challenge.\n</p>\n<p><a href=\"/argue/51/\">View this debate</a>\n</p>\n<p>This argument will remain active for 7 days. After the time is up, the participant with the most votes will be declared the winner.\n</p>", "needs_review": 0, "is_msg": 1, "user": 12, "last_edit": null, "pub_date": "2009-12-05 16:00:59"}}, {"pk": 2497, "model": "comments.comment", "fields": {"comment": "plenty to debate here.", "cflaggers": [], "comment_html": "<p>plenty to debate here.\n</p>", "needs_review": 0, "is_msg": 0, "user": 7, "last_edit": null, "pub_date": "2009-12-05 16:00:03"}}, {"pk": 2496, "model": "comments.comment", "fields": {"comment": "the pending as well", "cflaggers": [], "comment_html": "<p>the pending as well\n</p>", "needs_review": 0, "is_msg": 0, "user": 1, "last_edit": null, "pub_date": "2009-12-04 15:54:27"}}, {"pk": 2495, "model": "comments.comment", "fields": {"comment": "the front page", "cflaggers": [], "comment_html": "<p>the front page\n</p>", "needs_review": 0, "is_msg": 0, "user": 12, "last_edit": null, "pub_date": "2009-12-04 15:53:18"}}, {"pk": 2494, "model": "comments.comment", "fields": {"comment": "it never ends.", "cflaggers": [], "comment_html": "<p>it never ends.\n</p>", "needs_review": 0, "is_msg": 0, "user": 7, "last_edit": null, "pub_date": "2009-12-04 15:51:47"}}, {"pk": 2493, "model": "comments.comment", "fields": {"comment": "a draw, straightaway", "cflaggers": [], "comment_html": "<p>a draw, straightaway\n</p>", "needs_review": 0, "is_msg": 0, "user": 12, "last_edit": null, "pub_date": "2009-12-04 15:50:57"}}, {"pk": 2492, "model": "comments.comment", "fields": {"comment": "now", "cflaggers": [], "comment_html": "<p>now\n</p>", "needs_review": 0, "is_msg": 0, "user": 7, "last_edit": null, "pub_date": "2009-12-04 15:50:33"}}, {"pk": 2491, "model": "comments.comment", "fields": {"comment": "declining is ok", "cflaggers": [], "comment_html": "<p>declining is ok\n</p>", "needs_review": 0, "is_msg": 0, "user": 7, "last_edit": null, "pub_date": "2009-12-04 15:44:56"}}, {"pk": 2490, "model": "comments.comment", "fields": {"comment": "a draw", "cflaggers": [], "comment_html": "<p>a draw\n</p>", "needs_review": 0, "is_msg": 0, "user": 1, "last_edit": null, "pub_date": "2009-12-04 15:43:47"}}, {"pk": 2489, "model": "comments.comment", "fields": {"comment": "I just don't know", "cflaggers": [], "comment_html": "<p>I just don't know\n</p>", "needs_review": 0, "is_msg": 0, "user": 7, "last_edit": null, "pub_date": "2009-12-04 15:43:17"}}, {"pk": 2488, "model": "comments.comment", "fields": {"comment": "draw offer", "cflaggers": [], "comment_html": "<p>draw offer\n</p>", "needs_review": 0, "is_msg": 0, "user": 7, "last_edit": null, "pub_date": "2009-12-04 15:37:11"}}, {"pk": 2487, "model": "comments.comment", "fields": {"comment": "This is tiring", "cflaggers": [], "comment_html": "<p>This is tiring\n</p>", "needs_review": 0, "is_msg": 0, "user": 12, "last_edit": null, "pub_date": "2009-12-04 15:36:33"}}, {"pk": 2486, "model": "comments.comment", "fields": {"comment": "ok draw offer", "cflaggers": [], "comment_html": "<p>ok draw offer\n</p>", "needs_review": 0, "is_msg": 0, "user": 1, "last_edit": null, "pub_date": "2009-12-04 15:34:06"}}, {"pk": 2485, "model": "comments.comment", "fields": {"comment": "testing with draw", "cflaggers": [], "comment_html": "<p>testing with draw\n</p>", "needs_review": 0, "is_msg": 0, "user": 12, "last_edit": null, "pub_date": "2009-12-04 15:33:07"}}, {"pk": 2484, "model": "comments.comment", "fields": {"comment": "Acceptance, try again.", "cflaggers": [], "comment_html": "<p>Acceptance, try again.\n</p>", "needs_review": 0, "is_msg": 0, "user": 1, "last_edit": null, "pub_date": "2009-12-04 15:31:34"}}, {"pk": 2483, "model": "comments.comment", "fields": {"comment": "Let's see if it works for an acceptance", "cflaggers": [], "comment_html": "<p>Let's see if it works for an acceptance\n</p>", "needs_review": 0, "is_msg": 0, "user": 12, "last_edit": null, "pub_date": "2009-12-04 15:26:03"}}, {"pk": 2482, "model": "comments.comment", "fields": {"comment": "Everything's always more complicated than it seems", "cflaggers": [], "comment_html": "<p>Everything's always more complicated than it seems\n</p>", "needs_review": 0, "is_msg": 0, "user": 1, "last_edit": null, "pub_date": "2009-12-04 15:24:03"}}, {"pk": 2481, "model": "comments.comment", "fields": {"comment": "getting there.", "cflaggers": [], "comment_html": "<p>getting there.\n</p>", "needs_review": 0, "is_msg": 0, "user": 12, "last_edit": null, "pub_date": "2009-12-04 15:21:34"}}, {"pk": 2480, "model": "comments.comment", "fields": {"comment": "Status updates with ajax?", "cflaggers": [], "comment_html": "<p>Status updates with ajax?\n</p>", "needs_review": 0, "is_msg": 0, "user": 1, "last_edit": null, "pub_date": "2009-12-04 15:18:50"}}, {"pk": 2479, "model": "comments.comment", "fields": {"comment": "Better check both turns.", "cflaggers": [], "comment_html": "<p>Better check both turns.\n</p>", "needs_review": 0, "is_msg": 0, "user": 12, "last_edit": null, "pub_date": "2009-12-04 15:16:58"}}, {"pk": 2478, "model": "comments.comment", "fields": {"comment": "Can't test time remaining with those old debates.", "cflaggers": [], "comment_html": "<p>Can't test time remaining with those old debates.\n</p>", "needs_review": 0, "is_msg": 0, "user": 1, "last_edit": null, "pub_date": "2009-12-04 14:57:10"}}, {"pk": 408, "model": "comments.comment", "fields": {"comment": "By popular demand, you are the winner of the argument \n[More like a comedy!](/argue/31/)\nCongratulations!", "cflaggers": [], "comment_html": "<p>By popular demand, you are the winner of the argument \n   <a href=\"/argue/31/\">More like a comedy!</a>\n   Congratulations!\n</p>", "needs_review": 0, "is_msg": 1, "user": 7, "last_edit": null, "pub_date": "2009-12-04 14:56:43"}}, {"pk": 411, "model": "comments.comment", "fields": {"comment": "Sorry! You have lost the argument \n[Yikes](/argue/32/)\n By popular vote.", "cflaggers": [], "comment_html": "<p>Sorry! You have lost the argument \n   <a href=\"/argue/32/\">Yikes</a>\n    By popular vote.\n</p>", "needs_review": 0, "is_msg": 1, "user": 1, "last_edit": null, "pub_date": "2009-12-04 14:56:43"}}, {"pk": 2364, "model": "comments.comment", "fields": {"comment": "under the new regime.", "cflaggers": [], "comment_html": "<p>under the new regime.\n</p>", "needs_review": 0, "is_msg": 0, "user": 1, "last_edit": null, "pub_date": "2009-12-03 23:31:57"}}, {"pk": 2472, "model": "comments.comment", "fields": {"comment": "Everything seems to be going swimmingly.", "cflaggers": [], "comment_html": "<p>Everything seems to be going swimmingly.\n</p>", "needs_review": 0, "is_msg": 0, "user": 1, "last_edit": null, "pub_date": "2009-11-30 23:49:06"}}, {"pk": 2471, "model": "comments.comment", "fields": {"comment": "This time, I think not.", "cflaggers": [], "comment_html": "<p>This time, I think not.\n</p>", "needs_review": 0, "is_msg": 0, "user": 10, "last_edit": null, "pub_date": "2009-11-30 23:48:28"}}, {"pk": 2470, "model": "comments.comment", "fields": {"comment": "luckily there's not shortage of debates here", "cflaggers": [], "comment_html": "<p>luckily there's not shortage of debates here\n</p>", "needs_review": 0, "is_msg": 0, "user": 1, "last_edit": null, "pub_date": "2009-11-30 23:48:00"}}, {"pk": 2477, "model": "comments.comment", "fields": {"comment": "Hope all is well with the other functions.", "cflaggers": [], "comment_html": "<p>Hope all is well with the other functions.\n</p>", "needs_review": 0, "is_msg": 0, "user": 1, "last_edit": null, "pub_date": "2009-11-30 23:46:45"}}, {"pk": 2363, "model": "comments.comment", "fields": {"comment": "(http://google.com) yeesh", "cflaggers": [], "comment_html": "<p>(<a rel=\"nofollow\" href=\"http://google.com\">http://google.com</a>) yeesh\n</p>", "needs_review": 0, "is_msg": 0, "user": 1, "last_edit": "2009-11-28 14:23:59", "pub_date": "2009-11-28 14:23:03"}}, {"pk": 2362, "model": "comments.comment", "fields": {"comment": "[google](http://google.com)\r\n\r\n[random](http://en.wikipedia.org/wiki/WNYX)\r\n\r\nhttp://en.wikipedia.org/wiki/WNYX\r\n\r\n(http://en.wikipedia.org/wiki/WNYX)\r\n\r\nhttp://en.wikipedia.org/wiki/PC_Tools_(Central_Point_Software)\r\n\r\n(http://en.wikipedia.org/wiki/PC_Tools_(Central_Point_Software))\r\n\r\n`[paren link](http://en.wikipedia.org/wiki/PC_Tools_(Central_Point_Software))`", "cflaggers": [], "comment_html": "<p><a href=\"http://google.com\">google</a>\n</p>\n<p><a href=\"http://en.wikipedia.org/wiki/WNYX\">random</a>\n</p>\n<p><a rel=\"nofollow\" href=\"http://en.wikipedia.org/wiki/WNYX\">http://en.wikipedia.org/wiki/WNYX</a>\n</p>\n<p>(<a rel=\"nofollow\" href=\"http://en.wikipedia.org/wiki/WNYX\">http://en.wikipedia.org/wiki/WNYX</a>)\n</p>\n<p><a rel=\"nofollow\" href=\"http://en.wikipedia.org/wiki/PC_Tools_(Central_Point_Software)\">http://en.wikipedia.org/wiki/PC_Tools_(Central_Point_Software)</a>\n</p>\n<p>(<a rel=\"nofollow\" href=\"http://en.wikipedia.org/wiki/PC_Tools_(Central_Point_Software)\">http://en.wikipedia.org/wiki/PC_Tools_(Central_Point_Software)</a>)\n</p>\n<p><code>[paren link](<a rel=\"nofollow\" href=\"http://en.wikipedia.org/wiki/PC_Tools_(Central_Point_Software)\">http://en.wikipedia.org/wiki/PC_Tools_(Central_Point_Software)</a>)</code>\n</p>", "needs_review": 0, "is_msg": 0, "user": 12, "last_edit": "2009-11-28 14:25:11", "pub_date": "2009-11-24 21:15:33"}}, {"pk": 2361, "model": "comments.comment", "fields": {"comment": "[normal link](http://google.com)\r\n\r\nhttp://google.com\r\n\r\nwith previous link", "cflaggers": [], "comment_html": "<p><a href=\"http://google.com\">normal link</a>\n</p>\n<p><a rel=\"nofollow\" href=\"http://google.com\">http://google.com</a>\n</p>\n<p>with previous link\n</p>", "needs_review": 0, "is_msg": 0, "user": 12, "last_edit": "2009-11-24 21:12:26", "pub_date": "2009-11-24 06:23:43"}}, {"pk": 2360, "model": "comments.comment", "fields": {"comment": "a normal url [normal link](http://google.com)\r\n\r\nand a plain url http://google.com", "cflaggers": [], "comment_html": "<p>a normal url <a href=\"http://google.com\">normal link</a>\n</p>\n<p>and a plain url <a rel=\"nofollow\" href=\"http://google.com\">http://google.com</a>\n</p>", "needs_review": 0, "is_msg": 0, "user": 12, "last_edit": "2009-11-24 06:22:04", "pub_date": "2009-11-24 06:20:50"}}, {"pk": 2359, "model": "comments.comment", "fields": {"comment": "[normal old link](http://www.google.com)", "cflaggers": [], "comment_html": "<p><a href=\"http://www.google.com\">normal old link</a>\n</p>", "needs_review": 0, "is_msg": 0, "user": 12, "last_edit": null, "pub_date": "2009-11-24 05:51:34"}}, {"pk": 2358, "model": "comments.comment", "fields": {"comment": "what if I just want to talk about http. that doesn't cause problems", "cflaggers": [], "comment_html": "<p>what if I just want to talk about http. that doesn't cause problems\n</p>", "needs_review": 0, "is_msg": 0, "user": 12, "last_edit": null, "pub_date": "2009-11-23 20:05:43"}}, {"pk": 2357, "model": "comments.comment", "fields": {"comment": "http://www.codinghorror.com/blog/archives/001181.html, Jeff may wonder why this page is getting so many hits today.", "cflaggers": [], "comment_html": "<p><a rel=\"nofollow\" href=\"http://www.codinghorror.com/blog/archives/001181.html\">http://www.codinghorror.com/blog/archives/001181.html</a>, Jeff may wonder why this page is getting so many hits today.\n</p>", "needs_review": 0, "is_msg": 0, "user": 12, "last_edit": null, "pub_date": "2009-11-23 19:42:36"}}, {"pk": 2356, "model": "comments.comment", "fields": {"comment": "At the end of a sentence http://www.codinghorror.com/blog/archives/001181.html.\r\n\r\nIt's saving again with edit, so another one should be ok, http://www.codinghorror.com/blog/archives/001181.html", "cflaggers": [], "comment_html": "<p>At the end of a sentence <a rel=\"nofollow\" href=\"http://www.codinghorror.com/blog/archives/001181.html\">http://www.codinghorror.com/blog/archives/001181.html</a>.\n</p>\n<p>It's saving again with edit, so another one should be ok, <a rel=\"nofollow\" href=\"http://www.codinghorror.com/blog/archives/001181.html\">http://www.codinghorror.com/blog/archives/001181.html</a>\n</p>", "needs_review": 0, "is_msg": 0, "user": 12, "last_edit": "2009-11-23 19:41:39", "pub_date": "2009-11-23 19:41:04"}}, {"pk": 2355, "model": "comments.comment", "fields": {"comment": "A broken url, but that's probably deserved", "cflaggers": [], "comment_html": "<p>A broken url, but that's probably deserved\n</p>", "needs_review": 0, "is_msg": 0, "user": 12, "last_edit": null, "pub_date": "2009-11-23 19:40:35"}}, {"pk": 2354, "model": "comments.comment", "fields": {"comment": "no opening paren\r\nhttp://www.codinghorror.com/blog/archives/001181.html)\r\n", "cflaggers": [], "comment_html": "<p>no opening paren\n   <a rel=\"nofollow\" href=\"http://www.codinghorror.com/blog/archives/001181.html)\">http://www.codinghorror.com/blog/archives/001181.html)</a>\n</p>", "needs_review": 0, "is_msg": 0, "user": 12, "last_edit": null, "pub_date": "2009-11-23 19:40:12"}}, {"pk": 2353, "model": "comments.comment", "fields": {"comment": "midhttp://www.codinghorror.com/blog/archives/001181.htmlword", "cflaggers": [], "comment_html": "<p>mid<a rel=\"nofollow\" href=\"http://www.codinghorror.com/blog/archives/001181.htmlword\">http://www.codinghorror.com/blog/archives/001181.htmlword</a>\n</p>", "needs_review": 0, "is_msg": 0, "user": 12, "last_edit": null, "pub_date": "2009-11-23 19:39:53"}}, {"pk": 2352, "model": "comments.comment", "fields": {"comment": " blah blah blah\r\nhttp://www.codinghorror.com/blog/archives/001181.html\r\nhttp://msdn.microsoft.com/en-us/library/aa752574(VS.85).aspx\r\n(http://www.codinghorror.com/blog/archives/001181.html)\r\n(http://en.wikipedia.org/wiki/PC_Tools_(Central_Point_Software))\r\n(http://msdn.microsoft.com/en-us/library/aa752574(VS.85).aspx)\r\nhttp://www.codinghorror.com/blog/archives/001181.html\r\nand so onhttp://www.codinghorror.com/blog/archives/001181.html\r\nand so forth", "cflaggers": [], "comment_html": "<p> blah blah blah\n   <a rel=\"nofollow\" href=\"http://www.codinghorror.com/blog/archives/001181.html\">http://www.codinghorror.com/blog/archives/001181.html</a>\n   <a rel=\"nofollow\" href=\"http://msdn.microsoft.com/en-us/library/aa752574(VS.85).aspx\">http://msdn.microsoft.com/en-us/library/aa752574(VS.85).aspx</a>\n   (<a rel=\"nofollow\" href=\"http://www.codinghorror.com/blog/archives/001181.html\">http://www.codinghorror.com/blog/archives/001181.html</a>)\n   (<a rel=\"nofollow\" href=\"http://en.wikipedia.org/wiki/PC_Tools_(Central_Point_Software)\">http://en.wikipedia.org/wiki/PC_Tools_(Central_Point_Software)</a>)\n   (<a rel=\"nofollow\" href=\"http://msdn.microsoft.com/en-us/library/aa752574(VS.85).aspx\">http://msdn.microsoft.com/en-us/library/aa752574(VS.85).aspx</a>)\n   <a rel=\"nofollow\" href=\"http://www.codinghorror.com/blog/archives/001181.html\">http://www.codinghorror.com/blog/archives/001181.html</a>\n   and so on<a rel=\"nofollow\" href=\"http://www.codinghorror.com/blog/archives/001181.html\">http://www.codinghorror.com/blog/archives/001181.html</a>\n   and so forth\n</p>", "needs_review": 0, "is_msg": 0, "user": 12, "last_edit": null, "pub_date": "2009-11-23 19:38:22"}}, {"pk": 2351, "model": "comments.comment", "fields": {"comment": "let's post some comments and see how the url autolinking goes", "cflaggers": [], "comment_html": "<p>let's post some comments and see how the url autolinking goes\n</p>", "needs_review": 0, "is_msg": 0, "user": 12, "last_edit": null, "pub_date": "2009-11-23 19:37:53"}}, {"pk": 2350, "model": "comments.comment", "fields": {"comment": "26 characters", "cflaggers": [], "comment_html": "<p>26 characters\n</p>", "needs_review": 0, "is_msg": 0, "user": 12, "last_edit": "2009-11-15 11:34:35", "pub_date": "2009-11-14 22:04:34"}}, {"pk": 2349, "model": "comments.comment", "fields": {"comment": "13 characters", "cflaggers": [], "comment_html": "<p>13 characters\n</p>", "needs_review": 0, "is_msg": 0, "user": 12, "last_edit": null, "pub_date": "2009-11-14 22:03:18"}}, {"pk": 2348, "model": "comments.comment", "fields": {"comment": "interesting", "cflaggers": [], "comment_html": "<p>interesting\n</p>", "needs_review": 0, "is_msg": 0, "user": 7, "last_edit": null, "pub_date": "2009-11-07 12:27:14"}}, {"pk": 2347, "model": "comments.comment", "fields": {"comment": "Damn, that's a lot of money for rolling a piano around.", "cflaggers": [], "comment_html": "<p>Damn, that's a lot of money for rolling a piano around.\n</p>", "needs_review": 0, "is_msg": 0, "user": 12, "last_edit": null, "pub_date": "2009-10-27 18:33:13"}}, {"pk": 2346, "model": "comments.comment", "fields": {"comment": "Got to get one of these for Vine.", "cflaggers": [], "comment_html": "<p>Got to get one of these for Vine.\n</p>", "needs_review": 0, "is_msg": 0, "user": 12, "last_edit": null, "pub_date": "2009-10-27 18:29:03"}}, {"pk": 2476, "model": "comments.comment", "fields": {"comment": "very well then", "cflaggers": [], "comment_html": "<p>very well then\n</p>", "needs_review": 0, "is_msg": 0, "user": 10, "last_edit": null, "pub_date": "2009-10-25 10:10:24"}}, {"pk": 2345, "model": "comments.comment", "fields": {"comment": "Fairly recent. I'll reply from your profile.", "cflaggers": [], "comment_html": "<p>Fairly recent. I'll reply from your profile.\n</p>", "needs_review": 0, "is_msg": 0, "user": 10, "last_edit": null, "pub_date": "2009-10-25 10:09:45"}}, {"pk": 2475, "model": "comments.comment", "fields": {"comment": "I think so", "cflaggers": [], "comment_html": "<p>I think so\n</p>", "needs_review": 0, "is_msg": 0, "user": 10, "last_edit": null, "pub_date": "2009-10-24 14:08:02"}}, {"pk": 2474, "model": "comments.comment", "fields": {"comment": "If I were protecting against it. This might not be possible.", "cflaggers": [], "comment_html": "<p>If I were protecting against it. This might not be possible.\n</p>", "needs_review": 0, "is_msg": 0, "user": 10, "last_edit": null, "pub_date": "2009-10-24 14:06:51"}}, {"pk": 2473, "model": "comments.comment", "fields": {"comment": "when this will end?", "cflaggers": [], "comment_html": "<p>when this will end?\n</p>", "needs_review": 0, "is_msg": 0, "user": 10, "last_edit": null, "pub_date": "2009-10-24 14:06:28"}}, {"pk": 2469, "model": "comments.comment", "fields": {"comment": "Natch", "cflaggers": [], "comment_html": "<p>Natch\n</p>", "needs_review": 0, "is_msg": 0, "user": 10, "last_edit": null, "pub_date": "2009-10-24 14:06:08"}}, {"pk": 2468, "model": "comments.comment", "fields": {"comment": "This is a lot to do for testing.", "cflaggers": [], "comment_html": "<p>This is a lot to do for testing.\n</p>", "needs_review": 0, "is_msg": 0, "user": 10, "last_edit": null, "pub_date": "2009-10-24 14:05:52"}}, {"pk": 2467, "model": "comments.comment", "fields": {"comment": "I'm not stalking you. Not really.", "cflaggers": [], "comment_html": "<p>I'm not stalking you. Not really.\n</p>", "needs_review": 0, "is_msg": 0, "user": 10, "last_edit": null, "pub_date": "2009-10-24 14:05:22"}}, {"pk": 2466, "model": "comments.comment", "fields": {"comment": "That was lame", "cflaggers": [], "comment_html": "<p>That was lame\n</p>", "needs_review": 0, "is_msg": 0, "user": 10, "last_edit": null, "pub_date": "2009-10-24 14:04:55"}}, {"pk": 2464, "model": "comments.comment", "fields": {"comment": "Works like a damn charm.", "cflaggers": [], "comment_html": "<p>Works like a damn charm.\n</p>", "needs_review": 0, "is_msg": 0, "user": 10, "last_edit": null, "pub_date": "2009-10-24 08:26:08"}}, {"pk": 2344, "model": "comments.comment", "fields": {"comment": "A busy bee, I am.", "cflaggers": [], "comment_html": "<p>A busy bee, I am.\n</p>", "needs_review": 0, "is_msg": 0, "user": 10, "last_edit": null, "pub_date": "2009-10-22 19:26:59"}}, {"pk": 2343, "model": "comments.comment", "fields": {"comment": "Fine then.", "cflaggers": [], "comment_html": "<p>Fine then.\n</p>", "needs_review": 0, "is_msg": 0, "user": 10, "last_edit": null, "pub_date": "2009-10-22 19:24:05"}}, {"pk": 2465, "model": "comments.comment", "fields": {"comment": "I'll do both", "cflaggers": [], "comment_html": "<p>I'll do both\n</p>", "needs_review": 0, "is_msg": 0, "user": 10, "last_edit": null, "pub_date": "2009-10-22 19:05:39"}}, {"pk": 2463, "model": "comments.comment", "fields": {"comment": "Well I'll be damned.", "cflaggers": [], "comment_html": "<p>Well I'll be damned.\n</p>", "needs_review": 0, "is_msg": 0, "user": 1, "last_edit": null, "pub_date": "2009-10-22 05:35:22"}}, {"pk": 2462, "model": "comments.comment", "fields": {"comment": "but does it work?", "cflaggers": [], "comment_html": "<p>but does it work?\n</p>", "needs_review": 0, "is_msg": 0, "user": 10, "last_edit": null, "pub_date": "2009-10-22 05:34:43"}}, {"pk": 2342, "model": "comments.comment", "fields": {"comment": "AAGGGGHH", "cflaggers": [], "comment_html": "<p>AAGGGGHH\n</p>", "needs_review": 0, "is_msg": 0, "user": 10, "last_edit": null, "pub_date": "2009-10-21 17:52:08"}}, {"pk": 338, "model": "comments.comment", "fields": {"comment": "gabe has offered a draw regarding argument\n [Yikes](/argue/32/)\nView the argument to accept or decline.", "cflaggers": [], "comment_html": "<p class=\"commentp\">gabe has offered a draw regarding argument\n    <a href=\"/argue/32/\">Yikes</a>\n   View the argument to accept or decline.\n</p>", "needs_review": 0, "is_msg": 1, "user": 1, "last_edit": null, "pub_date": "2009-10-20 19:46:40"}}, {"pk": 2461, "model": "comments.comment", "fields": {"comment": "Wait a second. I didn't catch that.", "cflaggers": [], "comment_html": "<p>Wait a second. I didn't catch that.\n</p>", "needs_review": 0, "is_msg": 0, "user": 1, "last_edit": null, "pub_date": "2009-10-20 19:46:40"}}, {"pk": 337, "model": "comments.comment", "fields": {"comment": "gabe has declined your offer of a draw regarding \n[Yikes](/argue/32/)", "cflaggers": [], "comment_html": "<p class=\"commentp\">gabe has declined your offer of a draw regarding \n   <a href=\"/argue/32/\">Yikes</a>\n</p>", "needs_review": 0, "is_msg": 1, "user": 1, "last_edit": null, "pub_date": "2009-10-20 19:46:22"}}, {"pk": 2460, "model": "comments.comment", "fields": {"comment": "The distant past, to be sure. I don't even remember what the problem was now.", "cflaggers": [], "comment_html": "<p>The distant past, to be sure. I don't even remember what the problem was now.\n</p>", "needs_review": 0, "is_msg": 0, "user": 3, "last_edit": null, "pub_date": "2009-10-20 19:43:50"}}, {"pk": 2459, "model": "comments.comment", "fields": {"comment": "That's in the past now.", "cflaggers": [], "comment_html": "<p>That's in the past now.\n</p>", "needs_review": 0, "is_msg": 0, "user": 1, "last_edit": null, "pub_date": "2009-10-20 19:40:32"}}, {"pk": 2341, "model": "comments.comment", "fields": {"comment": "something weird?", "cflaggers": [], "comment_html": "<p>something weird?\n</p>", "needs_review": 0, "is_msg": 0, "user": 1, "last_edit": null, "pub_date": "2009-10-17 17:03:11"}}, {"pk": 2340, "model": "comments.comment", "fields": {"comment": "Self topics redirecting?", "cflaggers": [], "comment_html": "<p>Self topics redirecting?\n</p>", "needs_review": 0, "is_msg": 0, "user": 1, "last_edit": null, "pub_date": "2009-10-17 16:44:51"}}, {"pk": 2458, "model": "comments.comment", "fields": {"comment": "Wowee, I sure waited a while before dealing with this didn't I?", "cflaggers": [], "comment_html": "<p>Wowee, I sure waited a while before dealing with this didn't I?\n</p>", "needs_review": 0, "is_msg": 0, "user": 3, "last_edit": null, "pub_date": "2009-10-17 14:53:47"}}, {"pk": 2456, "model": "comments.comment", "fields": {"comment": "Not just yet, we can drag this out a little longer.", "cflaggers": [], "comment_html": "<p>Not just yet, we can drag this out a little longer.\n</p>", "needs_review": 0, "is_msg": 0, "user": 7, "last_edit": null, "pub_date": "2009-10-17 13:50:07"}}, {"pk": 2339, "model": "comments.comment", "fields": {"comment": "Testing the RSS Feed, #1", "cflaggers": [], "comment_html": "<p>Testing the RSS Feed, #1\n</p>", "needs_review": 0, "is_msg": 0, "user": 1, "last_edit": null, "pub_date": "2009-10-17 13:16:03"}}, {"pk": 2338, "model": "comments.comment", "fields": {"comment": "newer than the last one", "cflaggers": [], "comment_html": "<p>newer than the last one\n</p>", "needs_review": 0, "is_msg": 0, "user": 1, "last_edit": null, "pub_date": "2009-10-17 12:51:57"}}, {"pk": 2337, "model": "comments.comment", "fields": {"comment": "The peanut is neither a pea, nor a nut. Discuss.", "cflaggers": [], "comment_html": "<p>The peanut is neither a pea, nor a nut. Discuss.\n</p>", "needs_review": 0, "is_msg": 0, "user": 1, "last_edit": null, "pub_date": "2009-10-17 12:14:52"}}, {"pk": 2336, "model": "comments.comment", "fields": {"comment": "I think that's a better idea", "cflaggers": [], "comment_html": "<p>I think that's a better idea\n</p>", "needs_review": 0, "is_msg": 0, "user": 1, "last_edit": null, "pub_date": "2009-10-15 18:26:47"}}, {"pk": 2335, "model": "comments.comment", "fields": {"comment": "You could just change it in the code", "cflaggers": [], "comment_html": "<p>You could just change it in the code\n</p>", "needs_review": 0, "is_msg": 0, "user": 1, "last_edit": null, "pub_date": "2009-10-15 18:26:38"}}, {"pk": 2334, "model": "comments.comment", "fields": {"comment": "I should count the child comments too", "cflaggers": [], "comment_html": "<p>I should count the child comments too\n</p>", "needs_review": 0, "is_msg": 0, "user": 1, "last_edit": null, "pub_date": "2009-10-15 18:26:28"}}, {"pk": 2333, "model": "comments.comment", "fields": {"comment": "I think it was 25", "cflaggers": [], "comment_html": "<p>I think it was 25\n</p>", "needs_review": 0, "is_msg": 0, "user": 1, "last_edit": null, "pub_date": "2009-10-15 18:26:11"}}, {"pk": 2332, "model": "comments.comment", "fields": {"comment": "This could take a while.", "cflaggers": [], "comment_html": "<p>This could take a while.\n</p>", "needs_review": 0, "is_msg": 0, "user": 1, "last_edit": null, "pub_date": "2009-10-15 18:26:05"}}, {"pk": 2331, "model": "comments.comment", "fields": {"comment": "How many comments do we need now?", "cflaggers": [], "comment_html": "<p>How many comments do we need now?\n</p>", "needs_review": 0, "is_msg": 0, "user": 1, "last_edit": null, "pub_date": "2009-10-15 18:25:55"}}, {"pk": 2330, "model": "comments.comment", "fields": {"comment": "It's because there's no cron job for recalculation on your laptop, genius.", "cflaggers": [], "comment_html": "<p>It's because there's no cron job for recalculation on your laptop, genius.\n</p>", "needs_review": 0, "is_msg": 0, "user": 1, "last_edit": null, "pub_date": "2009-10-15 17:01:33"}}, {"pk": 2329, "model": "comments.comment", "fields": {"comment": "I still don't know what it is.\r\nWait, maybe I've got it now.\r\n\r\nNope false alarm.\r\n\r\n*Edited: 18:05 on Oct-12-2009*\n\n*Edited: 18:11 on Oct-12-2009*", "cflaggers": [], "comment_html": "<p>I still don't know what it is.\n   Wait, maybe I've got it now.\n</p>\n<p>Nope false alarm.\n</p>\n<p><em>Edited: 18:05 on Oct-12-2009</em>\n</p>\n<p><em>Edited: 18:11 on Oct-12-2009</em>\n</p>", "needs_review": 0, "is_msg": 0, "user": 10, "last_edit": null, "pub_date": "2009-10-12 17:55:07"}}, {"pk": 2455, "model": "comments.comment", "fields": {"comment": "Maybe we can resolve this civilly.", "cflaggers": [], "comment_html": "<p>Maybe we can resolve this civilly.\n</p>", "needs_review": 0, "is_msg": 0, "user": 4, "last_edit": null, "pub_date": "2009-10-11 09:03:32"}}, {"pk": 2328, "model": "comments.comment", "fields": {"comment": "Strange, two comments yet not at the top of the list for hot topics.", "cflaggers": [], "comment_html": "<p>Strange, two comments yet not at the top of the list for hot topics.\n</p>", "needs_review": 0, "is_msg": 0, "user": 1, "last_edit": null, "pub_date": "2009-10-07 05:37:49"}}, {"pk": 2327, "model": "comments.comment", "fields": {"comment": "Maybe a little weird.", "cflaggers": [], "comment_html": "<p>Maybe a little weird.\n</p>", "needs_review": 0, "is_msg": 0, "user": 1, "last_edit": null, "pub_date": "2009-10-06 19:41:36"}}, {"pk": 2326, "model": "comments.comment", "fields": {"comment": "What do you think?", "cflaggers": [], "comment_html": "<p>What do you think?\n</p>", "needs_review": 0, "is_msg": 0, "user": 1, "last_edit": null, "pub_date": "2009-10-06 19:28:05"}}, {"pk": 2325, "model": "comments.comment", "fields": {"comment": "Comes with preselected tags!", "cflaggers": [], "comment_html": "<p>Comes with preselected tags!\n</p>", "needs_review": 0, "is_msg": 0, "user": 1, "last_edit": null, "pub_date": "2009-10-05 20:27:31"}}, {"pk": 2324, "model": "comments.comment", "fields": {"comment": "Should have read it before picking tags.", "cflaggers": [], "comment_html": "<p>Should have read it before picking tags.\n</p>", "needs_review": 0, "is_msg": 0, "user": 1, "last_edit": null, "pub_date": "2009-10-05 20:17:50"}}, {"pk": 2323, "model": "comments.comment", "fields": {"comment": "Well then. I guess nobody cared much about this.", "cflaggers": [], "comment_html": "<p>Well then. I guess nobody cared much about this.\n</p>", "needs_review": 0, "is_msg": 0, "user": 1, "last_edit": null, "pub_date": "2009-09-20 07:57:49"}}, {"pk": 2322, "model": "comments.comment", "fields": {"comment": "Pretty cool. KNOT!", "cflaggers": [], "comment_html": "<p>Pretty cool. KNOT!\n</p>", "needs_review": 0, "is_msg": 0, "user": 1, "last_edit": null, "pub_date": "2009-09-17 16:53:55"}}, {"pk": 2321, "model": "comments.comment", "fields": {"comment": "> Blockquoted text\r\n\r\nWe can make this look better somehow.\r\n\r\nEdit. Maybe that's as good as it can look.", "cflaggers": [], "comment_html": "<blockquote><p>Blockquoted text\n</p>\n</blockquote><p>We can make this look better somehow.\n</p>\n<p>Edit. Maybe that's as good as it can look.\n</p>", "needs_review": 0, "is_msg": 0, "user": 1, "last_edit": null, "pub_date": "2009-09-17 05:31:13"}}, {"pk": 304, "model": "comments.comment", "fields": {"comment": "gabe has challenged you to an argument.\n [Click here](/argue/32/) to view the argument and accept or decline", "cflaggers": [], "comment_html": "<p class=\"commentp\">gabe has challenged you to an argument.\n    <a href=\"/argue/32/\">Click here</a> to view the argument and accept or decline\n</p>", "needs_review": 0, "is_msg": 1, "user": 1, "last_edit": null, "pub_date": "2009-09-03 05:13:54"}}, {"pk": 2457, "model": "comments.comment", "fields": {"comment": "But that did scare me for a moment when I thought ads came onto my own site unbidden", "cflaggers": [], "comment_html": "<p>But that did scare me for a moment when I thought ads came onto my own site unbidden\n</p>", "needs_review": 0, "is_msg": 0, "user": 1, "last_edit": null, "pub_date": "2009-09-03 05:13:53"}}, {"pk": 2454, "model": "comments.comment", "fields": {"comment": "The time of reckoning is nigh. Prepare for the counting of the votes!", "cflaggers": [], "comment_html": "<p>The time of reckoning is nigh. Prepare for the counting of the votes!\n</p>", "needs_review": 0, "is_msg": 0, "user": 7, "last_edit": null, "pub_date": "2009-08-31 05:37:53"}}, {"pk": 2453, "model": "comments.comment", "fields": {"comment": "Not all users can be so discerning. Posts should be acceptable for everyone.", "cflaggers": [], "comment_html": "<p>Not all users can be so discerning. Posts should be acceptable for everyone.\n</p>", "needs_review": 0, "is_msg": 0, "user": 4, "last_edit": null, "pub_date": "2009-08-25 05:05:53"}}, {"pk": 2452, "model": "comments.comment", "fields": {"comment": "The time since posting conveniently explains (to the discerning user) the context in which my post was made. Only a silly person would consider it silly.", "cflaggers": [], "comment_html": "<p>The time since posting conveniently explains (to the discerning user) the context in which my post was made. Only a silly person would consider it silly.\n</p>", "needs_review": 0, "is_msg": 0, "user": 7, "last_edit": null, "pub_date": "2009-08-08 14:52:02"}}, {"pk": 299, "model": "comments.comment", "fields": {"comment": "test3 has accepted your challenge. \n[View this argument](/argue/31/)", "cflaggers": [], "comment_html": "<p class=\"commentp\">test3 has accepted your challenge. \n   <a href=\"/argue/31/\">View this argument</a>\n</p>", "needs_review": 0, "is_msg": 1, "user": 7, "last_edit": null, "pub_date": "2009-08-08 14:38:12"}}, {"pk": 2451, "model": "comments.comment", "fields": {"comment": "Your comment is silly now that there's more than one post. You should think of the future.", "cflaggers": [], "comment_html": "<p>Your comment is silly now that there's more than one post. You should think of the future.\n</p>", "needs_review": 0, "is_msg": 0, "user": 4, "last_edit": null, "pub_date": "2009-08-08 14:37:32"}}, {"pk": 295, "model": "comments.comment", "fields": {"comment": "gabe has challenged you to an argument.\n [Click here](/argue/30/) to view the argument and accept or decline", "cflaggers": [], "comment_html": "<p class=\"commentp\">gabe has challenged you to an argument.\n    <a href=\"/argue/30/\">Click here</a> to view the argument and accept or decline\n</p>", "needs_review": 0, "is_msg": 1, "user": 1, "last_edit": null, "pub_date": "2009-07-12 09:43:53"}}, {"pk": 2450, "model": "comments.comment", "fields": {"comment": "Let's not have any potty mouth.", "cflaggers": [], "comment_html": "<p>Let's not have any potty mouth.\n</p>", "needs_review": 0, "is_msg": 0, "user": 1, "last_edit": null, "pub_date": "2009-07-12 09:43:53"}}, {"pk": 2446, "model": "comments.comment", "fields": {"comment": "Yeesh", "cflaggers": [], "comment_html": "<p>Yeesh\n</p>", "needs_review": 0, "is_msg": 0, "user": 3, "last_edit": null, "pub_date": "2009-06-21 07:44:08"}}, {"pk": 2449, "model": "comments.comment", "fields": {"comment": "Let's not drag this out.", "cflaggers": [], "comment_html": "<p>Let's not drag this out.\n</p>", "needs_review": 0, "is_msg": 0, "user": 3, "last_edit": null, "pub_date": "2009-06-21 07:42:09"}}, {"pk": 2448, "model": "comments.comment", "fields": {"comment": "So many arguments", "cflaggers": [], "comment_html": "<p>So many arguments\n</p>", "needs_review": 0, "is_msg": 0, "user": 7, "last_edit": null, "pub_date": "2009-06-21 07:32:43"}}, {"pk": 284, "model": "comments.comment", "fields": {"comment": "test3 has declined your challenge.", "cflaggers": [], "comment_html": "<p class=\"commentp\">test3 has declined your challenge.\n</p>", "needs_review": 0, "is_msg": 1, "user": 7, "last_edit": null, "pub_date": "2009-06-21 07:31:56"}}, {"pk": 2447, "model": "comments.comment", "fields": {"comment": "It's about to get worse.", "cflaggers": [], "comment_html": "<p>It's about to get worse.\n</p>", "needs_review": 0, "is_msg": 0, "user": 1, "last_edit": null, "pub_date": "2009-06-21 07:31:32"}}, {"pk": 2445, "model": "comments.comment", "fields": {"comment": "Lovely!", "cflaggers": [], "comment_html": "<p>Lovely!\n</p>", "needs_review": 0, "is_msg": 0, "user": 1, "last_edit": null, "pub_date": "2009-06-21 07:30:57"}}, {"pk": 279, "model": "comments.comment", "fields": {"comment": "test has challenged you to an argument.\n [Click here](/argue/26/) to view the argument and accept or decline", "cflaggers": [], "comment_html": "<p class=\"commentp\">test has challenged you to an argument.\n    <a href=\"/argue/26/\">Click here</a> to view the argument and accept or decline\n</p>", "needs_review": 0, "is_msg": 1, "user": 3, "last_edit": null, "pub_date": "2009-06-21 07:26:14"}}, {"pk": 2444, "model": "comments.comment", "fields": {"comment": "It's time for some new arguments.", "cflaggers": [], "comment_html": "<p>It's time for some new arguments.\n</p>", "needs_review": 0, "is_msg": 0, "user": 3, "last_edit": null, "pub_date": "2009-06-21 07:26:14"}}, {"pk": 277, "model": "comments.comment", "fields": {"comment": "test has accepted your offer of a draw regarding \n[Can you believe it? ...](/argue/21/)", "cflaggers": [], "comment_html": "<p class=\"commentp\">test has accepted your offer of a draw regarding \n   <a href=\"/argue/21/\">Can you believe it? ...</a>\n</p>", "needs_review": 0, "is_msg": 1, "user": 3, "last_edit": null, "pub_date": "2009-06-20 06:13:24"}}, {"pk": 2430, "model": "comments.comment", "fields": {"comment": "well THAT was dumb", "cflaggers": [], "comment_html": "<p>well THAT was dumb\n</p>", "needs_review": 0, "is_msg": 0, "user": 4, "last_edit": null, "pub_date": "2009-06-20 06:12:42"}}, {"pk": 272, "model": "comments.comment", "fields": {"comment": "test has offered a draw regarding argument\n [Can you believe it? ...](/argue/21/)\nView the argument to accept or decline.", "cflaggers": [], "comment_html": "<p class=\"commentp\">test has offered a draw regarding argument\n    <a href=\"/argue/21/\">Can you believe it? ...</a>\n   View the argument to accept or decline.\n</p>", "needs_review": 0, "is_msg": 1, "user": 3, "last_edit": null, "pub_date": "2009-06-20 06:07:30"}}, {"pk": 2429, "model": "comments.comment", "fields": {"comment": "what?", "cflaggers": [], "comment_html": "<p>what?\n</p>", "needs_review": 0, "is_msg": 0, "user": 3, "last_edit": null, "pub_date": "2009-06-20 06:07:30"}}, {"pk": 271, "model": "comments.comment", "fields": {"comment": "test has declined your offer of a draw regarding \n[Can you believe it? ...](/argue/21/)", "cflaggers": [], "comment_html": "<p class=\"commentp\">test has declined your offer of a draw regarding \n   <a href=\"/argue/21/\">Can you believe it? ...</a>\n</p>", "needs_review": 0, "is_msg": 1, "user": 3, "last_edit": null, "pub_date": "2009-06-20 06:06:55"}}, {"pk": 2428, "model": "comments.comment", "fields": {"comment": "Well now", "cflaggers": [], "comment_html": "<p>Well now\n</p>", "needs_review": 0, "is_msg": 0, "user": 4, "last_edit": null, "pub_date": "2009-06-20 06:06:26"}}, {"pk": 266, "model": "comments.comment", "fields": {"comment": "test has offered a draw regarding argument\n [Can you believe it? ...](/argue/21/)\nView the argument to accept or decline.", "cflaggers": [], "comment_html": "<p class=\"commentp\">test has offered a draw regarding argument\n    <a href=\"/argue/21/\">Can you believe it? ...</a>\n   View the argument to accept or decline.\n</p>", "needs_review": 0, "is_msg": 1, "user": 3, "last_edit": null, "pub_date": "2009-06-20 05:58:16"}}, {"pk": 2427, "model": "comments.comment", "fields": {"comment": "quite right. we shan't", "cflaggers": [], "comment_html": "<p>quite right. we shan't\n</p>", "needs_review": 0, "is_msg": 0, "user": 3, "last_edit": null, "pub_date": "2009-06-20 05:58:16"}}, {"pk": 265, "model": "comments.comment", "fields": {"comment": "test has accepted your offer of a draw regarding \n[Can you believe it? ...](/argue/21/)", "cflaggers": [], "comment_html": "<p class=\"commentp\">test has accepted your offer of a draw regarding \n   <a href=\"/argue/21/\">Can you believe it? ...</a>\n</p>", "needs_review": 0, "is_msg": 1, "user": 3, "last_edit": null, "pub_date": "2009-06-19 05:39:31"}}, {"pk": 2426, "model": "comments.comment", "fields": {"comment": "I say, let's not be too hasty.", "cflaggers": [], "comment_html": "<p>I say, let's not be too hasty.\n</p>", "needs_review": 0, "is_msg": 0, "user": 4, "last_edit": null, "pub_date": "2009-06-19 05:37:49"}}, {"pk": 260, "model": "comments.comment", "fields": {"comment": "test has offered a draw regarding argument\n [Can you believe it? ...](/argue/21/)\nView the argument to accept or decline.", "cflaggers": [], "comment_html": "<p class=\"commentp\">test has offered a draw regarding argument\n    <a href=\"/argue/21/\">Can you believe it? ...</a>\n   View the argument to accept or decline.\n</p>", "needs_review": 0, "is_msg": 1, "user": 3, "last_edit": null, "pub_date": "2009-06-19 05:36:31"}}, {"pk": 2425, "model": "comments.comment", "fields": {"comment": "I agree, it does not.", "cflaggers": [], "comment_html": "<p>I agree, it does not.\n</p>", "needs_review": 0, "is_msg": 0, "user": 3, "last_edit": null, "pub_date": "2009-06-19 05:36:31"}}, {"pk": 259, "model": "comments.comment", "fields": {"comment": "test has declined your offer of a draw regarding \n[Can you believe it? ...](/argue/21/)", "cflaggers": [], "comment_html": "<p class=\"commentp\">test has declined your offer of a draw regarding \n   <a href=\"/argue/21/\">Can you believe it? ...</a>\n</p>", "needs_review": 0, "is_msg": 1, "user": 3, "last_edit": null, "pub_date": "2009-06-19 05:35:23"}}, {"pk": 2424, "model": "comments.comment", "fields": {"comment": "It don't have to be this way!", "cflaggers": [], "comment_html": "<p>It don't have to be this way!\n</p>", "needs_review": 0, "is_msg": 0, "user": 4, "last_edit": null, "pub_date": "2009-06-19 05:35:01"}}, {"pk": 2441, "model": "comments.comment", "fields": {"comment": "Let's try again. C'mooooooon", "cflaggers": [], "comment_html": "<p>Let's try again. C'mooooooon\n</p>", "needs_review": 0, "is_msg": 0, "user": 7, "last_edit": null, "pub_date": "2009-06-19 05:28:21"}}, {"pk": 254, "model": "comments.comment", "fields": {"comment": "test3 has offered a draw regarding argument\n [Quick, start some sh...](/argue/23/)\nView the argument to accept or decline.", "cflaggers": [], "comment_html": "<p class=\"commentp\">test3 has offered a draw regarding argument\n    <a href=\"/argue/23/\">Quick, start some sh...</a>\n   View the argument to accept or decline.\n</p>", "needs_review": 0, "is_msg": 1, "user": 7, "last_edit": null, "pub_date": "2009-06-19 05:28:20"}}, {"pk": 2440, "model": "comments.comment", "fields": {"comment": "I am delighted! But still I decline.", "cflaggers": [], "comment_html": "<p>I am delighted! But still I decline.\n</p>", "needs_review": 0, "is_msg": 0, "user": 1, "last_edit": null, "pub_date": "2009-06-01 20:25:42"}}, {"pk": 2439, "model": "comments.comment", "fields": {"comment": "It doesn't have to be this way!", "cflaggers": [], "comment_html": "<p>It doesn't have to be this way!\n</p>", "needs_review": 0, "is_msg": 0, "user": 7, "last_edit": null, "pub_date": "2009-06-01 20:21:05"}}, {"pk": 250, "model": "comments.comment", "fields": {"comment": "test3 has offered a draw regarding argument\n [Quick, start some sh...](/argue/23/)\nView the argument to accept or decline.", "cflaggers": [], "comment_html": "<p class=\"commentp\">test3 has offered a draw regarding argument\n    <a href=\"/argue/23/\">Quick, start some sh...</a>\n   View the argument to accept or decline.\n</p>", "needs_review": 0, "is_msg": 1, "user": 7, "last_edit": null, "pub_date": "2009-06-01 20:21:05"}}, {"pk": 2438, "model": "comments.comment", "fields": {"comment": "Because Ajax is sweet.", "cflaggers": [], "comment_html": "<p>Because Ajax is sweet.\n</p>", "needs_review": 0, "is_msg": 0, "user": 1, "last_edit": null, "pub_date": "2009-05-31 11:22:58"}}, {"pk": 2437, "model": "comments.comment", "fields": {"comment": "That happened so fast!", "cflaggers": [], "comment_html": "<p>That happened so fast!\n</p>", "needs_review": 0, "is_msg": 0, "user": 7, "last_edit": null, "pub_date": "2009-05-31 11:21:50"}}, {"pk": 2436, "model": "comments.comment", "fields": {"comment": "What are you going to do about it?", "cflaggers": [], "comment_html": "<p>What are you going to do about it?\n</p>", "needs_review": 0, "is_msg": 0, "user": 1, "last_edit": null, "pub_date": "2009-05-31 11:11:14"}}, {"pk": 2435, "model": "comments.comment", "fields": {"comment": "Don't tell me what to do.", "cflaggers": [], "comment_html": "<p>Don't tell me what to do.\n</p>", "needs_review": 0, "is_msg": 0, "user": 7, "last_edit": null, "pub_date": "2009-05-31 11:08:21"}}, {"pk": 245, "model": "comments.comment", "fields": {"comment": "gabe has conceded argument\n[Maybe, YOU should go...](/argue/24/)", "cflaggers": [], "comment_html": "<p class=\"commentp\">gabe has conceded argument\n   <a href=\"/argue/24/\">Maybe, YOU should go...</a>\n</p>", "needs_review": 0, "is_msg": 1, "user": 1, "last_edit": null, "pub_date": "2009-05-31 06:52:43"}}, {"pk": 244, "model": "comments.comment", "fields": {"comment": "gabe has conceded argument\n[Maybe, YOU should go...](/argue/24/)", "cflaggers": [], "comment_html": "<p class=\"commentp\">gabe has conceded argument\n   <a href=\"/argue/24/\">Maybe, YOU should go...</a>\n</p>", "needs_review": 0, "is_msg": 1, "user": 1, "last_edit": null, "pub_date": "2009-05-31 06:51:16"}}, {"pk": 243, "model": "comments.comment", "fields": {"comment": "gabe has conceded argument\n[Maybe, YOU should go...](/argue/24/)", "cflaggers": [], "comment_html": "<p class=\"commentp\">gabe has conceded argument\n   <a href=\"/argue/24/\">Maybe, YOU should go...</a>\n</p>", "needs_review": 0, "is_msg": 1, "user": 1, "last_edit": null, "pub_date": "2009-05-31 06:39:46"}}, {"pk": 242, "model": "comments.comment", "fields": {"comment": "gabe has conceded argument\n[Maybe, YOU should go...](/argue/24/)", "cflaggers": [], "comment_html": "<p class=\"commentp\">gabe has conceded argument\n   <a href=\"/argue/24/\">Maybe, YOU should go...</a>\n</p>", "needs_review": 0, "is_msg": 1, "user": 1, "last_edit": null, "pub_date": "2009-05-31 06:38:23"}}, {"pk": 241, "model": "comments.comment", "fields": {"comment": "gabe has conceded argument\n[Maybe, YOU should go...](/argue/24/)", "cflaggers": [], "comment_html": "<p class=\"commentp\">gabe has conceded argument\n   <a href=\"/argue/24/\">Maybe, YOU should go...</a>\n</p>", "needs_review": 0, "is_msg": 1, "user": 1, "last_edit": null, "pub_date": "2009-05-30 13:39:26"}}, {"pk": 240, "model": "comments.comment", "fields": {"comment": "gabe has conceded argument\n[Maybe, YOU should go...](/argue/24/)", "cflaggers": [], "comment_html": "<p class=\"commentp\">gabe has conceded argument\n   <a href=\"/argue/24/\">Maybe, YOU should go...</a>\n</p>", "needs_review": 0, "is_msg": 1, "user": 1, "last_edit": null, "pub_date": "2009-05-30 13:19:28"}}, {"pk": 238, "model": "comments.comment", "fields": {"comment": "gabe has conceded argument\n[Maybe, YOU should go...](/argue/24/)", "cflaggers": [], "comment_html": "<p class=\"commentp\">gabe has conceded argument\n   <a href=\"/argue/24/\">Maybe, YOU should go...</a>\n</p>", "needs_review": 0, "is_msg": 1, "user": 1, "last_edit": null, "pub_date": "2009-05-30 07:34:10"}}, {"pk": 237, "model": "comments.comment", "fields": {"comment": "test3 has declined your challenge.", "cflaggers": [], "comment_html": "<p class=\"commentp\">test3 has declined your challenge.\n</p>", "needs_review": 0, "is_msg": 1, "user": 7, "last_edit": null, "pub_date": "2009-05-22 13:57:37"}}, {"pk": 2443, "model": "comments.comment", "fields": {"comment": "Whaaa?", "cflaggers": [], "comment_html": "<p>Whaaa?\n</p>", "needs_review": 0, "is_msg": 0, "user": 1, "last_edit": null, "pub_date": "2009-05-22 13:56:43"}}, {"pk": 234, "model": "comments.comment", "fields": {"comment": "gabe has accepted your challenge. \n[View this argument](/argue/24/)", "cflaggers": [], "comment_html": "<p class=\"commentp\">gabe has accepted your challenge. \n   <a href=\"/argue/24/\">View this argument</a>\n</p>", "needs_review": 0, "is_msg": 1, "user": 1, "last_edit": null, "pub_date": "2009-05-22 13:55:50"}}, {"pk": 2423, "model": "comments.comment", "fields": {"comment": "What was the subject anyway?", "cflaggers": [], "comment_html": "<p>What was the subject anyway?\n</p>", "needs_review": 0, "is_msg": 0, "user": 3, "last_edit": null, "pub_date": "2009-05-22 13:49:04"}}, {"pk": 2442, "model": "comments.comment", "fields": {"comment": "Maybe, YOU should go to grad school, buddy.", "cflaggers": [], "comment_html": "<p>Maybe, YOU should go to grad school, buddy.\n</p>", "needs_review": 0, "is_msg": 0, "user": 4, "last_edit": null, "pub_date": "2009-05-04 17:46:30"}}, {"pk": 232, "model": "comments.comment", "fields": {"comment": "test2 has challenged you to an argument.\n [Click here](/argue/24/) to view the argument and accept or decline", "cflaggers": [], "comment_html": "<p class=\"commentp\">test2 has challenged you to an argument.\n    <a href=\"/argue/24/\">Click here</a> to view the argument and accept or decline\n</p>", "needs_review": 0, "is_msg": 1, "user": 4, "last_edit": null, "pub_date": "2009-05-04 17:46:30"}}, {"pk": 2434, "model": "comments.comment", "fields": {"comment": "Fine! Consider shit started.", "cflaggers": [], "comment_html": "<p>Fine! Consider shit started.\n</p>", "needs_review": 0, "is_msg": 0, "user": 1, "last_edit": null, "pub_date": "2009-04-28 18:56:44"}}, {"pk": 2433, "model": "comments.comment", "fields": {"comment": "Quick, start some shit.", "cflaggers": [], "comment_html": "<p>Quick, start some shit.\n</p>", "needs_review": 0, "is_msg": 0, "user": 7, "last_edit": null, "pub_date": "2009-04-28 18:56:03"}}, {"pk": 228, "model": "comments.comment", "fields": {"comment": "test3 has challenged you to an argument.\n [Click here](/argue/23/) to view the argument and accept or decline", "cflaggers": [], "comment_html": "<p class=\"commentp\">test3 has challenged you to an argument.\n    <a href=\"/argue/23/\">Click here</a> to view the argument and accept or decline\n</p>", "needs_review": 0, "is_msg": 1, "user": 7, "last_edit": null, "pub_date": "2009-04-28 18:56:03"}}, {"pk": 2432, "model": "comments.comment", "fields": {"comment": "Oh, so you think?", "cflaggers": [], "comment_html": "<p>Oh, so you think?\n</p>", "needs_review": 0, "is_msg": 0, "user": 7, "last_edit": null, "pub_date": "2009-04-17 20:50:42"}}, {"pk": 225, "model": "comments.comment", "fields": {"comment": "test3 has accepted your challenge. \n[View this argument](/argue/22/)", "cflaggers": [], "comment_html": "<p class=\"commentp\">test3 has accepted your challenge. \n   <a href=\"/argue/22/\">View this argument</a>\n</p>", "needs_review": 0, "is_msg": 1, "user": 7, "last_edit": null, "pub_date": "2009-04-17 20:50:30"}}, {"pk": 2431, "model": "comments.comment", "fields": {"comment": "Finally, someone to argue with!", "cflaggers": [], "comment_html": "<p>Finally, someone to argue with!\n</p>", "needs_review": 0, "is_msg": 0, "user": 1, "last_edit": null, "pub_date": "2009-04-17 20:43:13"}}, {"pk": 2320, "model": "comments.comment", "fields": {"comment": "High time, if you ask me.", "cflaggers": [], "comment_html": "<p>High time, if you ask me.\n</p>", "needs_review": 0, "is_msg": 0, "user": 1, "last_edit": null, "pub_date": "2009-03-25 05:51:35"}}, {"pk": 2319, "model": "comments.comment", "fields": {"comment": "Hot Diggity", "cflaggers": [], "comment_html": "<p>Hot Diggity\n</p>", "needs_review": 0, "is_msg": 0, "user": 1, "last_edit": null, "pub_date": "2009-03-25 05:51:11"}}, {"pk": 2318, "model": "comments.comment", "fields": {"comment": "Quickly now.", "cflaggers": [], "comment_html": "<p>Quickly now.\n</p>", "needs_review": 0, "is_msg": 0, "user": 1, "last_edit": null, "pub_date": "2009-03-25 05:28:33"}}, {"pk": 2317, "model": "comments.comment", "fields": {"comment": "Heroes, or Villains?", "cflaggers": [], "comment_html": "<p>Heroes, or Villains?\n</p>", "needs_review": 0, "is_msg": 0, "user": 1, "last_edit": null, "pub_date": "2009-03-17 05:47:53"}}, {"pk": 2316, "model": "comments.comment", "fields": {"comment": "How about that? I can reply from here.", "cflaggers": [], "comment_html": "<p>How about that? I can reply from here.\n</p>", "needs_review": 0, "is_msg": 0, "user": 4, "last_edit": null, "pub_date": "2009-03-03 06:45:03"}}, {"pk": 2422, "model": "comments.comment", "fields": {"comment": "Don't change the subject.", "cflaggers": [], "comment_html": "<p>Don't change the subject.\n</p>", "needs_review": 0, "is_msg": 0, "user": 4, "last_edit": null, "pub_date": "2009-03-01 11:07:11"}}, {"pk": 2315, "model": "comments.comment", "fields": {"comment": "Man this dropped fast. People don't wanna talk about it I guess.", "cflaggers": [], "comment_html": "<p>Man this dropped fast. People don't wanna talk about it I guess.\n</p>", "needs_review": 0, "is_msg": 0, "user": 1, "last_edit": null, "pub_date": "2009-02-24 20:12:44"}}, {"pk": 2314, "model": "comments.comment", "fields": {"comment": "****So they say markdown lists aren't working right.\r\n\r\n- Item1\r\n- Item2\r\n- Item3\r\n\r\nMaybe that's better.\r\nAnd so it is, but I bet we need two lines to make a new paragraph.\r\n\r\nA small price to pay.", "cflaggers": [], "comment_html": "<p><strong></strong>So they say markdown lists aren't working right.\n</p>\n<ul>\n <li>\n     Item1\n </li>\n\n <li>\n     Item2\n </li>\n\n <li>\n     Item3\n </li>\n</ul>\n<p>Maybe that's better.\n   And so it is, but I bet we need two lines to make a new paragraph.\n</p>\n<p>A small price to pay.\n</p>", "needs_review": 0, "is_msg": 0, "user": 1, "last_edit": null, "pub_date": "2009-02-23 19:19:48"}}, {"pk": 2313, "model": "comments.comment", "fields": {"comment": "Farther yet than this it seems. Does the right margin stay in the same place? I really hope it does. It would not be good for it to spill over into the precious, precious ad area.", "cflaggers": [], "comment_html": "<p>Farther yet than this it seems. Does the right margin stay in the same place? I really hope it does. It would not be good for it to spill over into the precious, precious ad area.\n</p>", "needs_review": 0, "is_msg": 0, "user": 1, "last_edit": null, "pub_date": "2009-02-22 12:33:30"}}, {"pk": 2312, "model": "comments.comment", "fields": {"comment": "What's all this then?", "cflaggers": [], "comment_html": "<p>What's all this then?\n</p>", "needs_review": 0, "is_msg": 0, "user": 3, "last_edit": null, "pub_date": "2009-02-22 12:13:34"}}, {"pk": 2311, "model": "comments.comment", "fields": {"comment": "I'll figure this out yet.", "cflaggers": [], "comment_html": "<p>I'll figure this out yet.\n</p>", "needs_review": 0, "is_msg": 0, "user": 3, "last_edit": null, "pub_date": "2009-02-22 11:49:29"}}, {"pk": 2310, "model": "comments.comment", "fields": {"comment": "How far over will it go, I wonder?", "cflaggers": [3], "comment_html": "<p>How far over will it go, I wonder?\n</p>", "needs_review": 0, "is_msg": 0, "user": 1, "last_edit": null, "pub_date": "2009-02-19 18:37:21"}}, {"pk": 2309, "model": "comments.comment", "fields": {"comment": "Yes, that really seems like something that should be tested.", "cflaggers": [], "comment_html": "<p>Yes, that really seems like something that should be tested.\n</p>", "needs_review": 0, "is_msg": 0, "user": 1, "last_edit": null, "pub_date": "2009-02-19 18:24:57"}}, {"pk": 2308, "model": "comments.comment", "fields": {"comment": "strange how none of these threads go very deep.", "cflaggers": [], "comment_html": "<p>strange how none of these threads go very deep.\n</p>", "needs_review": 0, "is_msg": 0, "user": 1, "last_edit": null, "pub_date": "2009-02-19 18:24:45"}}, {"pk": 2307, "model": "comments.comment", "fields": {"comment": "Look at this guy, hanging tough.", "cflaggers": [], "comment_html": "<p>Look at this guy, hanging tough.\n</p>", "needs_review": 0, "is_msg": 0, "user": 1, "last_edit": null, "pub_date": "2009-02-15 18:52:47"}}, {"pk": 2306, "model": "comments.comment", "fields": {"comment": "what a day :(", "cflaggers": [1], "comment_html": "<p>what a day :(\n</p>", "needs_review": 0, "is_msg": 0, "user": 7, "last_edit": null, "pub_date": "2009-01-26 19:24:05"}}, {"pk": 2305, "model": "comments.comment", "fields": {"comment": "now why would that disappear?", "cflaggers": [1], "comment_html": "<p>now why would that disappear?\n</p>", "needs_review": 0, "is_msg": 0, "user": 7, "last_edit": null, "pub_date": "2009-01-26 18:52:12"}}, {"pk": 2304, "model": "comments.comment", "fields": {"comment": "very odd indeed", "cflaggers": [1], "comment_html": "<p>very odd indeed\n</p>", "needs_review": 0, "is_msg": 0, "user": 7, "last_edit": null, "pub_date": "2009-01-26 18:51:52"}}, {"pk": 2303, "model": "comments.comment", "fields": {"comment": "very odd behavior", "cflaggers": [1], "comment_html": "<p>very odd behavior\n</p>", "needs_review": 0, "is_msg": 0, "user": 7, "last_edit": null, "pub_date": "2009-01-26 18:51:44"}}, {"pk": 2302, "model": "comments.comment", "fields": {"comment": "Only one comment on a post so new? What a tragedy!", "cflaggers": [], "comment_html": "<p>Only one comment on a post so new? What a tragedy!\n</p>", "needs_review": 0, "is_msg": 0, "user": 7, "last_edit": null, "pub_date": "2009-01-25 11:51:31"}}, {"pk": 2301, "model": "comments.comment", "fields": {"comment": "man, 34 weeks is a long time.", "cflaggers": [], "comment_html": "<p>man, 34 weeks is a long time.\n</p>", "needs_review": 0, "is_msg": 0, "user": 7, "last_edit": null, "pub_date": "2009-01-25 11:35:32"}}, {"pk": 2300, "model": "comments.comment", "fields": {"comment": "It has indeed.", "cflaggers": [], "comment_html": "<p>It has indeed.\n</p>", "needs_review": 0, "is_msg": 0, "user": 7, "last_edit": null, "pub_date": "2009-01-25 11:35:02"}}, {"pk": 2421, "model": "comments.comment", "fields": {"comment": "We are living on borrowed time here. Simply because there is no automatic script to determine the ends of arguments.", "cflaggers": [], "comment_html": "<p>We are living on borrowed time here. Simply because there is no automatic script to determine the ends of arguments.\n</p>", "needs_review": 0, "is_msg": 0, "user": 3, "last_edit": null, "pub_date": "2009-01-24 09:20:11"}}, {"pk": 2299, "model": "comments.comment", "fields": {"comment": "hmmm", "cflaggers": [3], "comment_html": "<p>hmmm\n</p>", "needs_review": 0, "is_msg": 0, "user": 1, "last_edit": null, "pub_date": "2009-01-21 21:32:10"}}, {"pk": 2298, "model": "comments.comment", "fields": {"comment": "I guess it's that many. But no more.", "cflaggers": [], "comment_html": "<p>I guess it's that many. But no more.\n</p>", "needs_review": 0, "is_msg": 0, "user": 7, "last_edit": null, "pub_date": "2009-01-21 20:27:31"}}, {"pk": 196, "model": "comments.comment", "fields": {"comment": "By popular demand, you are the winner of the argument \n[Oh these arguments? ...](/argue/20/)\nCongratulations!", "cflaggers": [], "comment_html": "<p class=\"commentp\">By popular demand, you are the winner of the argument <br />   <a href=\"/argue/20/\">Oh these arguments? ...</a><br />   Congratulations!<br /></p>", "needs_review": 0, "is_msg": 1, "user": 3, "last_edit": null, "pub_date": "2009-01-20 10:41:31"}}, {"pk": 2297, "model": "comments.comment", "fields": {"comment": "Let's see (1) second.\r\nOkay, (1) minute then.", "cflaggers": [], "comment_html": "<p>Let's see (1) second.\n   Okay, (1) minute then.\n</p>", "needs_review": 0, "is_msg": 0, "user": 3, "last_edit": null, "pub_date": "2009-01-20 10:38:37"}}, {"pk": 2296, "model": "comments.comment", "fields": {"comment": "Since anybody submitted a topic, you know?\r\nI'm sure you know.\r\nIt's still working?", "cflaggers": [], "comment_html": "<p>Since anybody submitted a topic, you know?\n   I'm sure you know.\n   It's still working?\n</p>", "needs_review": 0, "is_msg": 0, "user": 3, "last_edit": null, "pub_date": "2009-01-20 09:46:29"}}, {"pk": 2417, "model": "comments.comment", "fields": {"comment": "Well what do you propose to do about it?", "cflaggers": [], "comment_html": "<p>Well what do you propose to do about it?\n</p>", "needs_review": 0, "is_msg": 0, "user": 3, "last_edit": null, "pub_date": "2009-01-19 10:21:13"}}, {"pk": 2416, "model": "comments.comment", "fields": {"comment": "I suspected as much.", "cflaggers": [], "comment_html": "<p>I suspected as much.\n</p>", "needs_review": 0, "is_msg": 0, "user": 1, "last_edit": null, "pub_date": "2009-01-14 20:36:43"}}, {"pk": 2420, "model": "comments.comment", "fields": {"comment": "Well, that's leprosy for you.", "cflaggers": [], "comment_html": "<p>Well, that's leprosy for you.\n</p>", "needs_review": 0, "is_msg": 0, "user": 4, "last_edit": null, "pub_date": "2009-01-14 20:23:00"}}, {"pk": 2419, "model": "comments.comment", "fields": {"comment": "Everybody wants a piece of me.", "cflaggers": [], "comment_html": "<p>Everybody wants a piece of me.\n</p>", "needs_review": 0, "is_msg": 0, "user": 3, "last_edit": null, "pub_date": "2009-01-14 20:03:32"}}, {"pk": 189, "model": "comments.comment", "fields": {"comment": "test has accepted your challenge. \n[View this argument](/argue/21/)", "cflaggers": [], "comment_html": "<p class=\"commentp\">test has accepted your challenge. <br />   <a href=\"/argue/21/\">View this argument</a><br /></p>", "needs_review": 0, "is_msg": 1, "user": 3, "last_edit": null, "pub_date": "2009-01-14 20:03:16"}}, {"pk": 2418, "model": "comments.comment", "fields": {"comment": "Can you believe it? Everybody done voted already on the last argument. Pikers.", "cflaggers": [], "comment_html": "<p>Can you believe it? Everybody done voted already on the last argument. Pikers.\n</p>", "needs_review": 0, "is_msg": 0, "user": 4, "last_edit": null, "pub_date": "2009-01-14 20:02:59"}}, {"pk": 2415, "model": "comments.comment", "fields": {"comment": "Hell no they won't.", "cflaggers": [], "comment_html": "<p>Hell no they won't.\n</p>", "needs_review": 0, "is_msg": 0, "user": 3, "last_edit": null, "pub_date": "2009-01-12 20:10:26"}}, {"pk": 185, "model": "comments.comment", "fields": {"comment": "test has accepted your challenge. \n[View this argument](/argue/20/)", "cflaggers": [], "comment_html": "<p class=\"commentp\">test has accepted your challenge. <br />   <a href=\"/argue/20/\">View this argument</a><br /></p>", "needs_review": 0, "is_msg": 1, "user": 3, "last_edit": null, "pub_date": "2009-01-12 20:10:14"}}, {"pk": 2414, "model": "comments.comment", "fields": {"comment": "Oh these arguments? Will they never end?", "cflaggers": [], "comment_html": "<p>Oh these arguments? Will they never end?\n</p>", "needs_review": 0, "is_msg": 0, "user": 1, "last_edit": null, "pub_date": "2009-01-12 20:09:45"}}, {"pk": 177, "model": "comments.comment", "fields": {"comment": "The masses have spoken regarding the argument \n[A tie! How very exci...](/argue/19/)\nand their answer is...It's a tie", "cflaggers": [], "comment_html": "<p class=\"commentp\">The masses have spoken regarding the argument <br />   <a href=\"/argue/19/\">A tie! How very exci...</a><br />   and their answer is...It's a tie<br /></p>", "needs_review": 0, "is_msg": 1, "user": 3, "last_edit": null, "pub_date": "2009-01-11 08:27:49"}}, {"pk": 179, "model": "comments.comment", "fields": {"comment": "By popular demand, you are the winner of the argument \n[Defendant wins this ...](/argue/18/)\nCongratulations!", "cflaggers": [], "comment_html": "<p class=\"commentp\">By popular demand, you are the winner of the argument <br />   <a href=\"/argue/18/\">Defendant wins this ...</a><br />   Congratulations!<br /></p>", "needs_review": 0, "is_msg": 1, "user": 4, "last_edit": null, "pub_date": "2009-01-11 08:27:49"}}, {"pk": 180, "model": "comments.comment", "fields": {"comment": "Sorry! You have lost the argument \n[Defendant wins this ...](/argue/18/)\n By popular vote.", "cflaggers": [], "comment_html": "<p class=\"commentp\">Sorry! You have lost the argument <br />   <a href=\"/argue/18/\">Defendant wins this ...</a><br />    By popular vote.<br /></p>", "needs_review": 0, "is_msg": 1, "user": 1, "last_edit": null, "pub_date": "2009-01-11 08:27:49"}}, {"pk": 181, "model": "comments.comment", "fields": {"comment": "By popular demand, you are the winner of the argument \n[Plaintiff wins this ...](/argue/17/)\nCongratulations!", "cflaggers": [], "comment_html": "<p class=\"commentp\">By popular demand, you are the winner of the argument <br />   <a href=\"/argue/17/\">Plaintiff wins this ...</a><br />   Congratulations!<br /></p>", "needs_review": 0, "is_msg": 1, "user": 1, "last_edit": null, "pub_date": "2009-01-11 08:27:49"}}, {"pk": 182, "model": "comments.comment", "fields": {"comment": "Sorry! You have lost the argument \n[Plaintiff wins this ...](/argue/17/)\n By popular vote.", "cflaggers": [], "comment_html": "<p class=\"commentp\">Sorry! You have lost the argument <br />   <a href=\"/argue/17/\">Plaintiff wins this ...</a><br />    By popular vote.<br /></p>", "needs_review": 0, "is_msg": 1, "user": 4, "last_edit": null, "pub_date": "2009-01-11 08:27:49"}}, {"pk": 2407, "model": "comments.comment", "fields": {"comment": "Oh we will see all right. We will see indeed.", "cflaggers": [], "comment_html": "<p>Oh we will see all right. We will see indeed.\n</p>", "needs_review": 0, "is_msg": 0, "user": 4, "last_edit": null, "pub_date": "2009-01-10 12:13:33"}}, {"pk": 2410, "model": "comments.comment", "fields": {"comment": "I bow to your superior arguing skills.", "cflaggers": [], "comment_html": "<p>I bow to your superior arguing skills.\n</p>", "needs_review": 0, "is_msg": 0, "user": 4, "last_edit": null, "pub_date": "2009-01-10 12:13:09"}}, {"pk": 2413, "model": "comments.comment", "fields": {"comment": "It's not up to you buddy.", "cflaggers": [], "comment_html": "<p>It's not up to you buddy.\n</p>", "needs_review": 0, "is_msg": 0, "user": 4, "last_edit": null, "pub_date": "2009-01-10 11:59:50"}}, {"pk": 2412, "model": "comments.comment", "fields": {"comment": "A tie? Why would I let this nonsense end in a tie?", "cflaggers": [], "comment_html": "<p>A tie? Why would I let this nonsense end in a tie?\n</p>", "needs_review": 0, "is_msg": 0, "user": 3, "last_edit": null, "pub_date": "2009-01-10 11:59:09"}}, {"pk": 172, "model": "comments.comment", "fields": {"comment": "test has accepted your challenge. \n[View this argument](/argue/19/)", "cflaggers": [], "comment_html": "<p class=\"commentp\">test has accepted your challenge. <br />   <a href=\"/argue/19/\">View this argument</a><br /></p>", "needs_review": 0, "is_msg": 1, "user": 3, "last_edit": null, "pub_date": "2009-01-10 11:58:55"}}, {"pk": 2409, "model": "comments.comment", "fields": {"comment": "Well, naturally", "cflaggers": [], "comment_html": "<p>Well, naturally\n</p>", "needs_review": 0, "is_msg": 0, "user": 1, "last_edit": null, "pub_date": "2009-01-10 11:58:05"}}, {"pk": 170, "model": "comments.comment", "fields": {"comment": "gabe has accepted your challenge. \n[View this argument](/argue/18/)", "cflaggers": [], "comment_html": "<p class=\"commentp\">gabe has accepted your challenge. <br />   <a href=\"/argue/18/\">View this argument</a><br /></p>", "needs_review": 0, "is_msg": 1, "user": 1, "last_edit": null, "pub_date": "2009-01-10 11:57:56"}}, {"pk": 2406, "model": "comments.comment", "fields": {"comment": "Plaintiff wins, eh?? We'll see about that.", "cflaggers": [], "comment_html": "<p>Plaintiff wins, eh?? We'll see about that.\n</p>", "needs_review": 0, "is_msg": 0, "user": 1, "last_edit": null, "pub_date": "2009-01-10 11:57:35"}}, {"pk": 168, "model": "comments.comment", "fields": {"comment": "gabe has accepted your challenge. \n[View this argument](/argue/17/)", "cflaggers": [], "comment_html": "<p class=\"commentp\">gabe has accepted your challenge. <br />   <a href=\"/argue/17/\">View this argument</a><br /></p>", "needs_review": 0, "is_msg": 1, "user": 1, "last_edit": null, "pub_date": "2009-01-10 11:57:23"}}, {"pk": 2411, "model": "comments.comment", "fields": {"comment": "A tie! How very exciting.", "cflaggers": [], "comment_html": "<p>A tie! How very exciting.\n</p>", "needs_review": 0, "is_msg": 0, "user": 4, "last_edit": null, "pub_date": "2009-01-10 11:56:54"}}, {"pk": 2408, "model": "comments.comment", "fields": {"comment": "Defendant wins this one....That's you!!", "cflaggers": [], "comment_html": "<p>Defendant wins this one....That's you!!\n</p>", "needs_review": 0, "is_msg": 0, "user": 4, "last_edit": null, "pub_date": "2009-01-10 11:56:08"}}, {"pk": 165, "model": "comments.comment", "fields": {"comment": "test2 has challenged you to an argument.\n [Click here](/argue/18/) to view the argument and accept or decline", "cflaggers": [], "comment_html": "<p class=\"commentp\">test2 has challenged you to an argument.<br />    <a href=\"/argue/18/\">Click here</a> to view the argument and accept or decline<br /></p>", "needs_review": 0, "is_msg": 1, "user": 4, "last_edit": null, "pub_date": "2009-01-10 11:56:08"}}, {"pk": 2405, "model": "comments.comment", "fields": {"comment": "Plaintiff wins this one. That's me!!!", "cflaggers": [], "comment_html": "<p>Plaintiff wins this one. That's me!!!\n</p>", "needs_review": 0, "is_msg": 0, "user": 4, "last_edit": null, "pub_date": "2009-01-10 11:55:33"}}, {"pk": 163, "model": "comments.comment", "fields": {"comment": "test2 has challenged you to an argument.\n [Click here](/argue/17/) to view the argument and accept or decline", "cflaggers": [], "comment_html": "<p class=\"commentp\">test2 has challenged you to an argument.<br />    <a href=\"/argue/17/\">Click here</a> to view the argument and accept or decline<br /></p>", "needs_review": 0, "is_msg": 1, "user": 4, "last_edit": null, "pub_date": "2009-01-10 11:55:33"}}, {"pk": 2404, "model": "comments.comment", "fields": {"comment": "Hmmm, an intriguing concept. But I am unconvinced.", "cflaggers": [], "comment_html": "<p>Hmmm, an intriguing concept. But I am unconvinced.\n</p>", "needs_review": 0, "is_msg": 0, "user": 3, "last_edit": null, "pub_date": "2008-12-30 18:03:04"}}, {"pk": 2403, "model": "comments.comment", "fields": {"comment": "The first bit of the opening salvo makes for a better title for an argument. Don't you agree?", "cflaggers": [], "comment_html": "<p>The first bit of the opening salvo makes for a better title for an argument. Don't you agree?\n</p>", "needs_review": 0, "is_msg": 0, "user": 7, "last_edit": null, "pub_date": "2008-12-29 20:25:25"}}, {"pk": 150, "model": "comments.comment", "fields": {"comment": "No reply has been made for 7 days in the argument \n[Finally, some easily...](/argue/14/)\nSo you win by default, the two sweetest words in the English language!", "cflaggers": [], "comment_html": "<p class=\"commentp\">No reply has been made for 7 days in the argument <br />   <a href=\"/argue/14/\">Finally, some easily...</a><br />   So you win by default, the two sweetest words in the English language!<br /></p>", "needs_review": 0, "is_msg": 1, "user": 3, "last_edit": null, "pub_date": "2008-12-29 20:15:14"}}, {"pk": 152, "model": "comments.comment", "fields": {"comment": "No reply has been made for 7 days in the argument \n[It sure is....](/argue/13/)\nSo you win by default, the two sweetest words in the English language!", "cflaggers": [], "comment_html": "<p class=\"commentp\">No reply has been made for 7 days in the argument <br />   <a href=\"/argue/13/\">It sure is....</a><br />   So you win by default, the two sweetest words in the English language!<br /></p>", "needs_review": 0, "is_msg": 1, "user": 3, "last_edit": null, "pub_date": "2008-12-29 20:15:14"}}, {"pk": 154, "model": "comments.comment", "fields": {"comment": "No reply has been made for 7 days in the argument \n[There's no words the...](/argue/11/)\nSo you win by default, the two sweetest words in the English language!", "cflaggers": [], "comment_html": "<p class=\"commentp\">No reply has been made for 7 days in the argument <br />   <a href=\"/argue/11/\">There's no words the...</a><br />   So you win by default, the two sweetest words in the English language!<br /></p>", "needs_review": 0, "is_msg": 1, "user": 3, "last_edit": null, "pub_date": "2008-12-29 20:15:14"}}, {"pk": 2402, "model": "comments.comment", "fields": {"comment": "less than a minute!", "cflaggers": [], "comment_html": "<p>less than a minute!\n</p>", "needs_review": 0, "is_msg": 0, "user": 7, "last_edit": null, "pub_date": "2008-12-21 15:08:26"}}, {"pk": 2401, "model": "comments.comment", "fields": {"comment": "Having 2 arguments on a single comment be the most is downright silly.", "cflaggers": [], "comment_html": "<p>Having 2 arguments on a single comment be the most is downright silly.\n</p>", "needs_review": 0, "is_msg": 0, "user": 3, "last_edit": null, "pub_date": "2008-12-21 15:07:29"}}, {"pk": 2398, "model": "comments.comment", "fields": {"comment": "What sure was a long pending challenge", "cflaggers": [], "comment_html": "<p>What sure was a long pending challenge\n</p>", "needs_review": 0, "is_msg": 0, "user": 1, "last_edit": null, "pub_date": "2008-12-20 19:52:07"}}, {"pk": 2295, "model": "comments.comment", "fields": {"comment": "Here's a pretty recent one. (relatively so at least) Let's see if this will help it up the charts, since it is so much newer than the others.", "cflaggers": [], "comment_html": "<p>Here's a pretty recent one. (relatively so at least) Let's see if this will help it up the charts, since it is so much newer than the others.\n</p>", "needs_review": 0, "is_msg": 0, "user": 1, "last_edit": null, "pub_date": "2008-12-20 19:19:44"}}, {"pk": 2294, "model": "comments.comment", "fields": {"comment": "Just how far across will the box extend? If I don't add some line breaks myself, I imagine it will keep on going. Was it set up to wrap the text at some point?", "cflaggers": [], "comment_html": "<p>Just how far across will the box extend? If I don't add some line breaks myself, I imagine it will keep on going. Was it set up to wrap the text at some point?\n</p>", "needs_review": 0, "is_msg": 0, "user": 1, "last_edit": null, "pub_date": "2008-12-20 19:17:40"}}, {"pk": 2400, "model": "comments.comment", "fields": {"comment": "Then argue you shall!", "cflaggers": [], "comment_html": "<p>Then argue you shall!\n</p>", "needs_review": 0, "is_msg": 0, "user": 1, "last_edit": null, "pub_date": "2008-12-20 19:14:02"}}, {"pk": 2399, "model": "comments.comment", "fields": {"comment": "I wish to argue with your first post.", "cflaggers": [], "comment_html": "<p>I wish to argue with your first post.\n</p>", "needs_review": 0, "is_msg": 0, "user": 3, "last_edit": null, "pub_date": "2008-12-11 07:14:38"}}, {"pk": 137, "model": "comments.comment", "fields": {"comment": "test has challenged you to an argument.\n [Click here](/argue/14/) to view the argument and accept or decline", "cflaggers": [], "comment_html": "<p class=\"commentp\">test has challenged you to an argument.<br />    <a href=\"/argue/14/\">Click here</a> to view the argument and accept or decline<br /></p>", "needs_review": 0, "is_msg": 1, "user": 3, "last_edit": null, "pub_date": "2008-12-11 07:14:38"}}, {"pk": 2393, "model": "comments.comment", "fields": {"comment": "They are so there. I hope rebut is not still broken.", "cflaggers": [], "comment_html": "<p>They are so there. I hope rebut is not still broken.\n</p>", "needs_review": 0, "is_msg": 0, "user": 4, "last_edit": null, "pub_date": "2008-09-11 20:04:45"}}, {"pk": 2293, "model": "comments.comment", "fields": {"comment": "What a nice post.", "cflaggers": [], "comment_html": "<p>What a nice post.\n</p>", "needs_review": 0, "is_msg": 0, "user": 3, "last_edit": null, "pub_date": "2008-09-11 20:03:24"}}, {"pk": 133, "model": "comments.comment", "fields": {"comment": "test has accepted your offer of a draw regarding \n[Hidey ho friends...](/argue/12/)", "cflaggers": [], "comment_html": "<p class=\"commentp\">test has accepted your offer of a draw regarding <br />   <a href=\"/argue/12/\">Hidey ho friends...</a><br /></p>", "needs_review": 0, "is_msg": 1, "user": 3, "last_edit": null, "pub_date": "2008-09-11 19:36:14"}}, {"pk": 2292, "model": "comments.comment", "fields": {"comment": "Oh, they start off so promising...", "cflaggers": [], "comment_html": "<p>Oh, they start off so promising...\n</p>", "needs_review": 0, "is_msg": 0, "user": 1, "last_edit": null, "pub_date": "2008-08-21 05:41:40"}}, {"pk": 2291, "model": "comments.comment", "fields": {"comment": "How's that for a POST?", "cflaggers": [], "comment_html": "<p>How's that for a POST?\n</p>", "needs_review": 0, "is_msg": 0, "user": 3, "last_edit": null, "pub_date": "2008-08-21 05:40:49"}}, {"pk": 2290, "model": "comments.comment", "fields": {"comment": "Sooooo new! And so few comments! You are set up to be a rising star!", "cflaggers": [], "comment_html": "<p>Sooooo new! And so few comments! You are set up to be a rising star!\n</p>", "needs_review": 0, "is_msg": 0, "user": 3, "last_edit": null, "pub_date": "2008-08-17 08:27:03"}}, {"pk": 2397, "model": "comments.comment", "fields": {"comment": "Outrageous.", "cflaggers": [], "comment_html": "<p>Outrageous.\n</p>", "needs_review": 0, "is_msg": 0, "user": 3, "last_edit": null, "pub_date": "2008-08-05 05:25:13"}}, {"pk": 128, "model": "comments.comment", "fields": {"comment": "test has challenged you to an argument.\n [Click here](/argue/13/) to view the argument and accept or decline", "cflaggers": [], "comment_html": "<p class=\"commentp\">test has challenged you to an argument.<br />    <a href=\"/argue/13/\">Click here</a> to view the argument and accept or decline<br /></p>", "needs_review": 0, "is_msg": 1, "user": 3, "last_edit": null, "pub_date": "2008-08-05 05:25:13"}}, {"pk": 2289, "model": "comments.comment", "fields": {"comment": "Blah blah blah.", "cflaggers": [1], "comment_html": "<p>Blah blah blah.\n</p>", "needs_review": 0, "is_msg": 0, "user": 3, "last_edit": null, "pub_date": "2008-08-05 05:24:28"}}, {"pk": 2288, "model": "comments.comment", "fields": {"comment": "Now reply should work here.", "cflaggers": [1], "comment_html": "<p>Now reply should work here.\n</p>", "needs_review": 0, "is_msg": 0, "user": 3, "last_edit": null, "pub_date": "2008-08-05 05:23:56"}}, {"pk": 2287, "model": "comments.comment", "fields": {"comment": "did I break reply?", "cflaggers": [], "comment_html": "<p>did I break reply?\n</p>", "needs_review": 0, "is_msg": 0, "user": 3, "last_edit": null, "pub_date": "2008-08-05 05:18:13"}}, {"pk": 2392, "model": "comments.comment", "fields": {"comment": "I beg to differ. Words are completely absent from there.", "cflaggers": [], "comment_html": "<p>I beg to differ. Words are completely absent from there.\n</p>", "needs_review": 0, "is_msg": 0, "user": 3, "last_edit": null, "pub_date": "2008-08-04 23:16:10"}}, {"pk": 2396, "model": "comments.comment", "fields": {"comment": "I sure as hell don't. And don't call me Shirley.", "cflaggers": [], "comment_html": "<p>I sure as hell don't. And don't call me Shirley.\n</p>", "needs_review": 0, "is_msg": 0, "user": 3, "last_edit": null, "pub_date": "2008-08-04 23:15:40"}}, {"pk": 2395, "model": "comments.comment", "fields": {"comment": "Surely, you jest.", "cflaggers": [], "comment_html": "<p>Surely, you jest.\n</p>", "needs_review": 0, "is_msg": 0, "user": 1, "last_edit": null, "pub_date": "2008-08-04 22:56:25"}}, {"pk": 2394, "model": "comments.comment", "fields": {"comment": "Hidey ho yourself, Wilson sounding motherfucker.", "cflaggers": [], "comment_html": "<p>Hidey ho yourself, Wilson sounding motherfucker.\n</p>", "needs_review": 0, "is_msg": 0, "user": 3, "last_edit": null, "pub_date": "2008-08-04 22:55:06"}}, {"pk": 119, "model": "comments.comment", "fields": {"comment": "test has challenged you to an argument.\n [Click here](/argue/12/) to view the argument and accept or decline", "cflaggers": [], "comment_html": "<p class=\"commentp\">test has challenged you to an argument.<br />    <a href=\"/argue/12/\">Click here</a> to view the argument and accept or decline<br /></p>", "needs_review": 0, "is_msg": 1, "user": 3, "last_edit": null, "pub_date": "2008-08-04 22:55:06"}}, {"pk": 2391, "model": "comments.comment", "fields": {"comment": "You are incorrect sir. Anyone can plainly see that that space has no words.", "cflaggers": [], "comment_html": "<p>You are incorrect sir. Anyone can plainly see that that space has no words.\n</p>", "needs_review": 0, "is_msg": 0, "user": 4, "last_edit": null, "pub_date": "2008-08-04 22:41:27"}}, {"pk": 2390, "model": "comments.comment", "fields": {"comment": "There damn well are and you know it.", "cflaggers": [], "comment_html": "<p>There damn well are and you know it.\n</p>", "needs_review": 0, "is_msg": 0, "user": 3, "last_edit": null, "pub_date": "2008-08-04 22:28:09"}}, {"pk": 115, "model": "comments.comment", "fields": {"comment": "test has challenged you to an argument.\n [Click here](/argue/11/) to view the argument and accept or decline", "cflaggers": [], "comment_html": "<p class=\"commentp\">test has challenged you to an argument.<br />    <a href=\"/argue/11/\">Click here</a> to view the argument and accept or decline<br /></p>", "needs_review": 0, "is_msg": 1, "user": 3, "last_edit": null, "pub_date": "2008-08-04 22:28:09"}}, {"pk": 112, "model": "comments.comment", "fields": {"comment": "No reply has been made for 7 days in the argument \n[I don't have enough ...](/argue/9/)\nSo you win by default, the two sweetest words in the English language!", "cflaggers": [], "comment_html": "<p class=\"commentp\">No reply has been made for 7 days in the argument <br />   <a href=\"/argue/9/\">I don't have enough ...</a><br />   So you win by default, the two sweetest words in the English language!<br /></p>", "needs_review": 0, "is_msg": 1, "user": 4, "last_edit": null, "pub_date": "2008-08-04 22:27:12"}}, {"pk": 2286, "model": "comments.comment", "fields": {"comment": "Seems we don't auto-recalc around these parts.", "cflaggers": [], "comment_html": "<p>Seems we don't auto-recalc around these parts.\n</p>", "needs_review": 0, "is_msg": 0, "user": 3, "last_edit": null, "pub_date": "2008-08-03 11:28:12"}}, {"pk": 2285, "model": "comments.comment", "fields": {"comment": "A parked domain.", "cflaggers": [], "comment_html": "<p>A parked domain.\n</p>", "needs_review": 0, "is_msg": 0, "user": 3, "last_edit": null, "pub_date": "2008-07-28 10:47:37"}}, {"pk": 2284, "model": "comments.comment", "fields": {"comment": "Time since?", "cflaggers": [], "comment_html": "<p>Time since?\n</p>", "needs_review": 0, "is_msg": 0, "user": 3, "last_edit": null, "pub_date": "2008-07-28 08:38:51"}}, {"pk": 2283, "model": "comments.comment", "fields": {"comment": "What?", "cflaggers": [1], "comment_html": "<p>What?\n</p>", "needs_review": 0, "is_msg": 0, "user": 3, "last_edit": null, "pub_date": "2008-07-20 07:12:06"}}, {"pk": 2282, "model": "comments.comment", "fields": {"comment": "Some more comments for the current leader.", "cflaggers": [], "comment_html": "<p>Some more comments for the current leader.\n</p>", "needs_review": 0, "is_msg": 0, "user": 3, "last_edit": null, "pub_date": "2008-07-20 07:09:43"}}, {"pk": 104, "model": "comments.comment", "fields": {"comment": "Too slow! The argument \n[Weird \ncomment \nwith...](/argue/10/)\n has timed out. You lose.", "cflaggers": [], "comment_html": "<p class=\"commentp\">Too slow! The argument <br />   <a href=\"/argue/10/\">Weird <br />comment <br />with...</a><br />    has timed out. You lose.<br /></p>", "needs_review": 0, "is_msg": 1, "user": 3, "last_edit": null, "pub_date": "2008-07-17 13:43:25"}}, {"pk": 2281, "model": "comments.comment", "fields": {"comment": "What about a little post? How much will that help to move up?", "cflaggers": [], "comment_html": "<p>What about a little post? How much will that help to move up?\n</p>", "needs_review": 0, "is_msg": 0, "user": 3, "last_edit": null, "pub_date": "2008-07-17 05:35:10"}}, {"pk": 2280, "model": "comments.comment", "fields": {"comment": "Let's see if adding a really long comment at this late hour can possibly help this forlorn topic move up in the rankings. Would it make more sense to only consider the time since the last post? I think now. For the rate of commenting over the entire life of the topic is surely the finest indicator of its interest to the community. Once people get bored and stop talking about it, only then will it have lost interest and deserve to be thrown, cast out, from the front page.", "cflaggers": [1], "comment_html": "<p>Let's see if adding a really long comment at this late hour can possibly help this forlorn topic move up in the rankings. Would it make more sense to only consider the time since the last post? I think now. For the rate of commenting over the entire life of the topic is surely the finest indicator of its interest to the community. Once people get bored and stop talking about it, only then will it have lost interest and deserve to be thrown, cast out, from the front page.\n</p>", "needs_review": 0, "is_msg": 0, "user": 3, "last_edit": null, "pub_date": "2008-07-17 05:30:41"}}, {"pk": 2279, "model": "comments.comment", "fields": {"comment": "One more time we try to see if the comment length and score will update.", "cflaggers": [], "comment_html": "<p>One more time we try to see if the comment length and score will update.\n</p>", "needs_review": 0, "is_msg": 0, "user": 3, "last_edit": null, "pub_date": "2008-07-16 05:56:51"}}, {"pk": 2278, "model": "comments.comment", "fields": {"comment": "Weird that that didn't come up before.", "cflaggers": [], "comment_html": "<p>Weird that that didn't come up before.\n</p>", "needs_review": 0, "is_msg": 0, "user": 3, "last_edit": null, "pub_date": "2008-07-16 05:44:55"}}, {"pk": 2277, "model": "comments.comment", "fields": {"comment": "how far elapsed?", "cflaggers": [], "comment_html": "<p>how far elapsed?\n</p>", "needs_review": 0, "is_msg": 0, "user": 3, "last_edit": null, "pub_date": "2008-07-14 05:38:04"}}, {"pk": 2276, "model": "comments.comment", "fields": {"comment": "hmmm.", "cflaggers": [], "comment_html": "<p>hmmm.\n</p>", "needs_review": 0, "is_msg": 0, "user": 3, "last_edit": null, "pub_date": "2008-07-12 21:08:49"}}, {"pk": 2275, "model": "comments.comment", "fields": {"comment": "Yay for things.", "cflaggers": [], "comment_html": "<p>Yay for things.\n</p>", "needs_review": 0, "is_msg": 0, "user": 3, "last_edit": null, "pub_date": "2008-07-12 21:07:17"}}, {"pk": 2274, "model": "comments.comment", "fields": {"comment": "Fo shizzle. Edit: yar", "cflaggers": [], "comment_html": "<p>Fo shizzle. Edit: yar\n</p>", "needs_review": 0, "is_msg": 0, "user": 3, "last_edit": null, "pub_date": "2008-07-12 21:07:09"}}, {"pk": 2273, "model": "comments.comment", "fields": {"comment": "I just can't get into it.", "cflaggers": [], "comment_html": "<p>I just can't get into it.\n</p>", "needs_review": 0, "is_msg": 0, "user": 1, "last_edit": null, "pub_date": "2008-07-12 21:06:32"}}, {"pk": 2272, "model": "comments.comment", "fields": {"comment": "That's right, Google.", "cflaggers": [], "comment_html": "<p>That's right, Google.\n</p>", "needs_review": 0, "is_msg": 0, "user": 1, "last_edit": null, "pub_date": "2008-07-12 21:06:21"}}, {"pk": 2271, "model": "comments.comment", "fields": {"comment": "Hmmm", "cflaggers": [], "comment_html": "<p>Hmmm\n</p>", "needs_review": 0, "is_msg": 0, "user": 1, "last_edit": null, "pub_date": "2008-07-12 21:05:59"}}, {"pk": 2270, "model": "comments.comment", "fields": {"comment": "Finally, some easily added first comments.\r\nUpdate: small change to url. Edit: yes, indeed.", "cflaggers": [], "comment_html": "<p>Finally, some easily added first comments.\n   Update: small change to url. Edit: yes, indeed.\n</p>", "needs_review": 0, "is_msg": 0, "user": 1, "last_edit": null, "pub_date": "2008-07-12 20:57:42"}}, {"pk": 2269, "model": "comments.comment", "fields": {"comment": "It sure is.", "cflaggers": [], "comment_html": "<p>It sure is.\n</p>", "needs_review": 0, "is_msg": 0, "user": 1, "last_edit": null, "pub_date": "2008-07-12 15:01:28"}}, {"pk": 2268, "model": "comments.comment", "fields": {"comment": "Hidey ho friends", "cflaggers": [], "comment_html": "<p>Hidey ho friends\n</p>", "needs_review": 0, "is_msg": 0, "user": 1, "last_edit": null, "pub_date": "2008-07-12 15:00:55"}}, {"pk": 2386, "model": "comments.comment", "fields": {"comment": "Nobody asked you.", "cflaggers": [], "comment_html": "<p>Nobody asked you.\n</p>", "needs_review": 0, "is_msg": 0, "user": 1, "last_edit": null, "pub_date": "2008-07-12 14:59:01"}}, {"pk": 2389, "model": "comments.comment", "fields": {"comment": "No need to be a drama queen", "cflaggers": [], "comment_html": "<p>No need to be a drama queen\n</p>", "needs_review": 0, "is_msg": 0, "user": 3, "last_edit": null, "pub_date": "2008-07-09 19:02:40"}}, {"pk": 2388, "model": "comments.comment", "fields": {"comment": "Don't tase me, bro!", "cflaggers": [], "comment_html": "<p>Don't tase me, bro!\n</p>", "needs_review": 0, "is_msg": 0, "user": 1, "last_edit": null, "pub_date": "2008-07-09 19:01:31"}}, {"pk": 2387, "model": "comments.comment", "fields": {"comment": "Why you gotta be that way?", "cflaggers": [], "comment_html": "<p>Why you gotta be that way?\n</p>", "needs_review": 0, "is_msg": 0, "user": 3, "last_edit": null, "pub_date": "2008-07-09 19:00:47"}}, {"pk": 84, "model": "comments.comment", "fields": {"comment": "test has challenged you to an argument.\n [Click here](/argue/10/) to view the argument and accept or decline", "cflaggers": [], "comment_html": "<p class=\"commentp\">test has challenged you to an argument.<br />    <a href=\"/argue/10/\">Click here</a> to view the argument and accept or decline<br /></p>", "needs_review": 0, "is_msg": 1, "user": 3, "last_edit": null, "pub_date": "2008-07-09 19:00:47"}}, {"pk": 2267, "model": "comments.comment", "fields": {"comment": "Weird\r\ncomment\r\nwith\r\nlots\r\nof\r\nnewlines", "cflaggers": [], "comment_html": "<p>Weird\n   comment\n   with\n   lots\n   of\n   newlines\n</p>", "needs_review": 0, "is_msg": 0, "user": 1, "last_edit": null, "pub_date": "2008-07-09 19:00:06"}}, {"pk": 80, "model": "comments.comment", "fields": {"comment": "test2 has challenged you to an argument.\n [Click here](/argue/9/) to view the argument and accept or decline", "cflaggers": [], "comment_html": "<p class=\"commentp\">test2 has challenged you to an argument.<br />    <a href=\"/argue/9/\">Click here</a> to view the argument and accept or decline<br /></p>", "needs_review": 0, "is_msg": 1, "user": 4, "last_edit": null, "pub_date": "2008-07-09 18:37:16"}}, {"pk": 2385, "model": "comments.comment", "fields": {"comment": "You got enough for my taste", "cflaggers": [], "comment_html": "<p>You got enough for my taste\n</p>", "needs_review": 0, "is_msg": 0, "user": 4, "last_edit": null, "pub_date": "2008-07-09 18:37:16"}}, {"pk": 78, "model": "comments.comment", "fields": {"comment": "test2 has accepted your offer of a draw regarding \n[What's up with -40?...](/argue/8/)", "cflaggers": [], "comment_html": "<p class=\"commentp\">test2 has accepted your offer of a draw regarding <br />   <a href=\"/argue/8/\">What's up with -40?...</a><br /></p>", "needs_review": 0, "is_msg": 1, "user": 4, "last_edit": null, "pub_date": "2008-07-08 21:28:08"}}, {"pk": 2384, "model": "comments.comment", "fields": {"comment": "This is your final chance to avoid humiliation.", "cflaggers": [], "comment_html": "<p>This is your final chance to avoid humiliation.\n</p>", "needs_review": 0, "is_msg": 0, "user": 1, "last_edit": null, "pub_date": "2008-07-08 21:27:47"}}, {"pk": 2383, "model": "comments.comment", "fields": {"comment": "Piffle this, motherfucker", "cflaggers": [], "comment_html": "<p>Piffle this, motherfucker\n</p>", "needs_review": 0, "is_msg": 0, "user": 4, "last_edit": null, "pub_date": "2008-07-08 21:27:10"}}, {"pk": 2382, "model": "comments.comment", "fields": {"comment": "piffle", "cflaggers": [], "comment_html": "<p>piffle\n</p>", "needs_review": 0, "is_msg": 0, "user": 1, "last_edit": null, "pub_date": "2008-07-08 21:19:52"}}, {"pk": 2381, "model": "comments.comment", "fields": {"comment": "fuck you is what's up", "cflaggers": [], "comment_html": "<p>fuck you is what's up\n</p>", "needs_review": 0, "is_msg": 0, "user": 4, "last_edit": null, "pub_date": "2008-07-08 21:19:19"}}, {"pk": 2380, "model": "comments.comment", "fields": {"comment": "I don't agree to that", "cflaggers": [], "comment_html": "<p>I don't agree to that\n</p>", "needs_review": 0, "is_msg": 0, "user": 4, "last_edit": null, "pub_date": "2008-07-08 21:07:54"}}, {"pk": 2379, "model": "comments.comment", "fields": {"comment": "I agree to disagree.", "cflaggers": [], "comment_html": "<p>I agree to disagree.\n</p>", "needs_review": 0, "is_msg": 0, "user": 7, "last_edit": null, "pub_date": "2008-07-08 21:07:22"}}, {"pk": 64, "model": "comments.comment", "fields": {"comment": "test3 has offered a draw regarding argument\n [Let's see how we do\r...](/argue/6/)\nView the argument to accept or decline.", "cflaggers": [], "comment_html": "<p class=\"commentp\">test3 has offered a draw regarding argument<br />    <a href=\"/argue/6/\">Let's see how we do<br />...</a><br />   View the argument to accept or decline.<br /></p>", "needs_review": 0, "is_msg": 1, "user": 7, "last_edit": null, "pub_date": "2008-07-08 20:56:53"}}, {"pk": 2377, "model": "comments.comment", "fields": {"comment": "It's too late now for that chicanery!", "cflaggers": [], "comment_html": "<p>It's too late now for that chicanery!\n</p>", "needs_review": 0, "is_msg": 0, "user": 9, "last_edit": null, "pub_date": "2008-07-08 20:50:22"}}, {"pk": 60, "model": "comments.comment", "fields": {"comment": "test3 has offered a draw regarding argument\n [Let's see how we do\r...](/argue/6/)\n[Accept](/argue/draw/accept/6/) or [Decline](/argue/draw/decline/6/)", "cflaggers": [], "comment_html": "<p class=\"commentp\">test3 has offered a draw regarding argument<br />    <a href=\"/argue/6/\">Let's see how we do<br />...</a><br />   <a href=\"/argue/draw/accept/6/\">Accept</a> or <a href=\"/argue/draw/decline/6/\">Decline</a><br /></p>", "needs_review": 0, "is_msg": 1, "user": 7, "last_edit": null, "pub_date": "2008-07-07 20:30:27"}}, {"pk": 2376, "model": "comments.comment", "fields": {"comment": "Let's stop all the fussin' and a feudin'", "cflaggers": [], "comment_html": "<p>Let's stop all the fussin' and a feudin'\n</p>", "needs_review": 0, "is_msg": 0, "user": 7, "last_edit": null, "pub_date": "2008-07-07 20:30:27"}}, {"pk": 2378, "model": "comments.comment", "fields": {"comment": "You are not.", "cflaggers": [], "comment_html": "<p>You are not.\n</p>", "needs_review": 0, "is_msg": 0, "user": 4, "last_edit": null, "pub_date": "2008-07-06 07:27:48"}}, {"pk": 52, "model": "comments.comment", "fields": {"comment": "test3 has accepted your challenge. [View this argument](/argue/6/", "cflaggers": [], "comment_html": "<p class=\"commentp\">test3 has accepted your challenge. [View this argument](/argue/6/<br /></p>", "needs_review": 0, "is_msg": 1, "user": 7, "last_edit": null, "pub_date": "2008-07-05 19:08:18"}}, {"pk": 2375, "model": "comments.comment", "fields": {"comment": "extra lines are dumb", "cflaggers": [], "comment_html": "<p>extra lines are dumb\n</p>", "needs_review": 0, "is_msg": 0, "user": 9, "last_edit": null, "pub_date": "2008-07-05 19:07:28"}}, {"pk": 2266, "model": "comments.comment", "fields": {"comment": "I don't have enough comments on this topic", "cflaggers": [], "comment_html": "<p>I don't have enough comments on this topic\n</p>", "needs_review": 0, "is_msg": 0, "user": 1, "last_edit": null, "pub_date": "2008-07-02 19:31:06"}}, {"pk": 2265, "model": "comments.comment", "fields": {"comment": "What's up with -40?", "cflaggers": [], "comment_html": "<p>What's up with -40?\n</p>", "needs_review": 0, "is_msg": 0, "user": 1, "last_edit": null, "pub_date": "2008-07-02 19:21:42"}}, {"pk": 2264, "model": "comments.comment", "fields": {"comment": "We need some more first comments up in here. And the ability to edit them.", "cflaggers": [], "comment_html": "<p>We need some more first comments up in here. And the ability to edit them.\n</p>", "needs_review": 0, "is_msg": 0, "user": 1, "last_edit": null, "pub_date": "2008-07-02 19:13:12"}}, {"pk": 2263, "model": "comments.comment", "fields": {"comment": "Yep, another topic", "cflaggers": [], "comment_html": "<p>Yep, another topic\n</p>", "needs_review": 0, "is_msg": 0, "user": 1, "last_edit": null, "pub_date": "2008-06-27 21:36:54"}}, {"pk": 2374, "model": "comments.comment", "fields": {"comment": "Extra lines are the devil's work", "cflaggers": [], "comment_html": "<p>Extra lines are the devil's work\n</p>", "needs_review": 0, "is_msg": 0, "user": 1, "last_edit": null, "pub_date": "2008-06-25 18:28:11"}}, {"pk": 2262, "model": "comments.comment", "fields": {"comment": "Pity to have lost all the first comments, must stop that.", "cflaggers": [], "comment_html": "<p>Pity to have lost all the first comments, must stop that.\n</p>", "needs_review": 0, "is_msg": 0, "user": 1, "last_edit": null, "pub_date": "2008-06-25 18:25:49"}}, {"pk": 2372, "model": "comments.comment", "fields": {"comment": "You make a fine point, but I'll have none of it.", "cflaggers": [], "comment_html": "<p>You make a fine point, but I'll have none of it.\n</p>", "needs_review": 0, "is_msg": 0, "user": 1, "last_edit": null, "pub_date": "2008-06-25 18:20:17"}}, {"pk": 2261, "model": "comments.comment", "fields": {"comment": "[This a link](http://google.com)", "cflaggers": [], "comment_html": "<p><a href=\"http://google.com\">This a link</a>\n</p>", "needs_review": 0, "is_msg": 0, "user": 3, "last_edit": null, "pub_date": "2008-06-23 21:17:07"}}, {"pk": 2370, "model": "comments.comment", "fields": {"comment": "That's not very friendly.", "cflaggers": [], "comment_html": "<p>That's not very friendly.\n</p>", "needs_review": 0, "is_msg": 0, "user": 1, "last_edit": null, "pub_date": "2008-06-22 20:48:13"}}, {"pk": 2369, "model": "comments.comment", "fields": {"comment": "screw your disagreement", "cflaggers": [], "comment_html": "<p>screw your disagreement\n</p>", "needs_review": 0, "is_msg": 0, "user": 3, "last_edit": null, "pub_date": "2008-06-22 20:46:52"}}, {"pk": 30, "model": "comments.comment", "fields": {"comment": "gabe has accepted your challenge. [View this argument](/argue/3)", "cflaggers": [], "comment_html": "<p class=\"commentp\">gabe has accepted your challenge. <a href=\"/argue/3\">View this argument</a><br /></p>", "needs_review": 0, "is_msg": 1, "user": 1, "last_edit": null, "pub_date": "2008-06-21 13:18:41"}}, {"pk": 2260, "model": "comments.comment", "fields": {"comment": "Let's see how we do\r\nwith some extra\r\nlines\r\nadded\r\n\r\nWe do just fine but it looks like this was done under the old style of newlines.", "cflaggers": [], "comment_html": "<p>Let's see how we do\n   with some extra\n   lines\n   added\n</p>\n<p>We do just fine but it looks like this was done under the old style of newlines.\n</p>", "needs_review": 0, "is_msg": 0, "user": 7, "last_edit": null, "pub_date": "2008-06-21 07:57:35"}}, {"pk": 2259, "model": "comments.comment", "fields": {"comment": "more comments up in this bitch", "cflaggers": [], "comment_html": "<p>more comments up in this bitch\n</p>", "needs_review": 0, "is_msg": 0, "user": 4, "last_edit": null, "pub_date": "2008-06-17 18:50:47"}}, {"pk": 2373, "model": "comments.comment", "fields": {"comment": "now it's ON", "cflaggers": [], "comment_html": "<p>now it's ON\n</p>", "needs_review": 0, "is_msg": 0, "user": 1, "last_edit": null, "pub_date": "2008-06-17 18:45:12"}}, {"pk": 2371, "model": "comments.comment", "fields": {"comment": "right back atcha!", "cflaggers": [], "comment_html": "<p>right back atcha!\n</p>", "needs_review": 0, "is_msg": 0, "user": 3, "last_edit": null, "pub_date": "2008-06-17 18:41:41"}}, {"pk": 2368, "model": "comments.comment", "fields": {"comment": "blah blah blah, I disagree", "cflaggers": [], "comment_html": "<p>blah blah blah, I disagree\n</p>", "needs_review": 0, "is_msg": 0, "user": 1, "last_edit": null, "pub_date": "2008-06-17 18:37:15"}}, {"pk": 2258, "model": "comments.comment", "fields": {"comment": "I'm back, bitches", "cflaggers": [], "comment_html": "<p>I'm back, bitches\n</p>", "needs_review": 0, "is_msg": 0, "user": 7, "last_edit": null, "pub_date": "2008-06-11 17:24:34"}}, {"pk": 2257, "model": "comments.comment", "fields": {"comment": "There's no words there! Yep, no words at all.", "cflaggers": [], "comment_html": "<p>There's no words there! Yep, no words at all.\n</p>", "needs_review": 0, "is_msg": 0, "user": 4, "last_edit": null, "pub_date": "2008-06-05 05:25:59"}}, {"pk": 2256, "model": "comments.comment", "fields": {"comment": "fucking thing sucks Update: still sucks", "cflaggers": [], "comment_html": "<p>fucking thing sucks Update: still sucks\n</p>", "needs_review": 0, "is_msg": 0, "user": 3, "last_edit": null, "pub_date": "2008-06-04 20:58:40"}}, {"pk": 2255, "model": "comments.comment", "fields": {"comment": "Fuck it, we'll do it live!", "cflaggers": [], "comment_html": "<p>Fuck it, we'll do it live!\n</p>", "needs_review": 0, "is_msg": 0, "user": 1, "last_edit": null, "pub_date": "2008-06-04 20:57:51"}}, {"pk": 2638, "model": "comments.tcdmessage", "fields": {"is_read": 1, "cflaggers": [], "recipient": 3, "subject": "Challenge accepted"}}, {"pk": 2628, "model": "comments.tcdmessage", "fields": {"is_read": 0, "cflaggers": [], "recipient": 12, "subject": "Draw?"}}, {"pk": 2620, "model": "comments.tcdmessage", "fields": {"is_read": 1, "cflaggers": [], "recipient": 3, "subject": "Draw?"}}, {"pk": 2618, "model": "comments.tcdmessage", "fields": {"is_read": 1, "cflaggers": [], "recipient": 1, "subject": "Challenge!"}}, {"pk": 2615, "model": "comments.tcdmessage", "fields": {"is_read": 1, "cflaggers": [], "recipient": 3, "subject": "Challenge accepted"}}, {"pk": 2614, "model": "comments.tcdmessage", "fields": {"is_read": 1, "cflaggers": [], "recipient": 1, "subject": "Challenge!"}}, {"pk": 2603, "model": "comments.tcdmessage", "fields": {"is_read": 1, "cflaggers": [], "recipient": 3, "subject": "Challenge accepted"}}, {"pk": 2602, "model": "comments.tcdmessage", "fields": {"is_read": 1, "cflaggers": [], "recipient": 1, "subject": "Challenge!"}}, {"pk": 2548, "model": "comments.tcdmessage", "fields": {"is_read": 1, "cflaggers": [], "recipient": 12, "subject": "Draw Accepted"}}, {"pk": 2546, "model": "comments.tcdmessage", "fields": {"is_read": 1, "cflaggers": [], "recipient": 10, "subject": "Draw?"}}, {"pk": 2545, "model": "comments.tcdmessage", "fields": {"is_read": 1, "cflaggers": [], "recipient": 3, "subject": "All right, you win"}}, {"pk": 2544, "model": "comments.tcdmessage", "fields": {"is_read": 1, "cflaggers": [], "recipient": 3, "subject": "Draw Declined"}}, {"pk": 2542, "model": "comments.tcdmessage", "fields": {"is_read": 1, "cflaggers": [], "recipient": 12, "subject": "Draw?"}}, {"pk": 2540, "model": "comments.tcdmessage", "fields": {"is_read": 1, "cflaggers": [], "recipient": 3, "subject": "Challenge accepted"}}, {"pk": 2539, "model": "comments.tcdmessage", "fields": {"is_read": 1, "cflaggers": [], "recipient": 12, "subject": "Challenge!"}}, {"pk": 2536, "model": "comments.tcdmessage", "fields": {"is_read": 1, "cflaggers": [], "recipient": 1, "subject": "Challenge accepted"}}, {"pk": 2533, "model": "comments.tcdmessage", "fields": {"is_read": 1, "cflaggers": [], "recipient": 10, "subject": "Challenge accepted"}}, {"pk": 2532, "model": "comments.tcdmessage", "fields": {"is_read": 1, "cflaggers": [], "recipient": 12, "subject": "Challenge!"}}, {"pk": 2526, "model": "comments.tcdmessage", "fields": {"is_read": 1, "cflaggers": [], "recipient": 1, "subject": "And the winner is..."}}, {"pk": 2527, "model": "comments.tcdmessage", "fields": {"is_read": 1, "cflaggers": [], "recipient": 1, "subject": "And the winner is..."}}, {"pk": 2528, "model": "comments.tcdmessage", "fields": {"is_read": 0, "cflaggers": [], "recipient": 7, "subject": "And the winner is..."}}, {"pk": 2529, "model": "comments.tcdmessage", "fields": {"is_read": 0, "cflaggers": [], "recipient": 4, "subject": "And the winner is..."}}, {"pk": 2530, "model": "comments.tcdmessage", "fields": {"is_read": 1, "cflaggers": [], "recipient": 1, "subject": "And the winner is..."}}, {"pk": 2524, "model": "comments.tcdmessage", "fields": {"is_read": 0, "cflaggers": [], "recipient": 4, "subject": "Challenge accepted"}}, {"pk": 2523, "model": "comments.tcdmessage", "fields": {"is_read": 1, "cflaggers": [], "recipient": 1, "subject": "Challenge!"}}, {"pk": 2521, "model": "comments.tcdmessage", "fields": {"is_read": 1, "cflaggers": [], "recipient": 4, "subject": "Challenge declined"}}, {"pk": 2520, "model": "comments.tcdmessage", "fields": {"is_read": 1, "cflaggers": [], "recipient": 1, "subject": "Challenge!"}}, {"pk": 2518, "model": "comments.tcdmessage", "fields": {"is_read": 1, "cflaggers": [], "recipient": 3, "subject": "Challenge accepted"}}, {"pk": 2517, "model": "comments.tcdmessage", "fields": {"is_read": 1, "cflaggers": [], "recipient": 1, "subject": "Challenge!"}}, {"pk": 2515, "model": "comments.tcdmessage", "fields": {"is_read": 0, "cflaggers": [], "recipient": 7, "subject": "Challenge accepted"}}, {"pk": 2514, "model": "comments.tcdmessage", "fields": {"is_read": 1, "cflaggers": [], "recipient": 1, "subject": "Challenge!"}}, {"pk": 2512, "model": "comments.tcdmessage", "fields": {"is_read": 1, "cflaggers": [], "recipient": 12, "subject": "All right, you win"}}, {"pk": 2511, "model": "comments.tcdmessage", "fields": {"is_read": 1, "cflaggers": [], "recipient": 12, "subject": "Draw Accepted"}}, {"pk": 2509, "model": "comments.tcdmessage", "fields": {"is_read": 1, "cflaggers": [], "recipient": 1, "subject": "Draw?"}}, {"pk": 2508, "model": "comments.tcdmessage", "fields": {"is_read": 1, "cflaggers": [], "recipient": 1, "subject": "Draw Declined"}}, {"pk": 2506, "model": "comments.tcdmessage", "fields": {"is_read": 1, "cflaggers": [], "recipient": 12, "subject": "Draw?"}}, {"pk": 2503, "model": "comments.tcdmessage", "fields": {"is_read": 1, "cflaggers": [], "recipient": 1, "subject": "Draw?"}}, {"pk": 481, "model": "comments.tcdmessage", "fields": {"is_read": 1, "cflaggers": [], "recipient": 7, "subject": "Challenge accepted"}}, {"pk": 408, "model": "comments.tcdmessage", "fields": {"is_read": 1, "cflaggers": [], "recipient": 4, "subject": "And the winner is..."}}, {"pk": 411, "model": "comments.tcdmessage", "fields": {"is_read": 1, "cflaggers": [], "recipient": 3, "subject": "And the winner is..."}}, {"pk": 338, "model": "comments.tcdmessage", "fields": {"is_read": 1, "cflaggers": [], "recipient": 3, "subject": "Draw?"}}, {"pk": 337, "model": "comments.tcdmessage", "fields": {"is_read": 1, "cflaggers": [], "recipient": 3, "subject": "Draw Declined"}}, {"pk": 304, "model": "comments.tcdmessage", "fields": {"is_read": 1, "cflaggers": [], "recipient": 3, "subject": "Challenge!"}}, {"pk": 299, "model": "comments.tcdmessage", "fields": {"is_read": 1, "cflaggers": [], "recipient": 4, "subject": "Challenge accepted"}}, {"pk": 295, "model": "comments.tcdmessage", "fields": {"is_read": 1, "cflaggers": [], "recipient": 4, "subject": "Challenge!"}}, {"pk": 284, "model": "comments.tcdmessage", "fields": {"is_read": 1, "cflaggers": [], "recipient": 1, "subject": "Challenge declined"}}, {"pk": 279, "model": "comments.tcdmessage", "fields": {"is_read": 1, "cflaggers": [], "recipient": 1, "subject": "Challenge!"}}, {"pk": 277, "model": "comments.tcdmessage", "fields": {"is_read": 1, "cflaggers": [], "recipient": 4, "subject": "Draw Accepted"}}, {"pk": 272, "model": "comments.tcdmessage", "fields": {"is_read": 1, "cflaggers": [], "recipient": 4, "subject": "Draw?"}}, {"pk": 271, "model": "comments.tcdmessage", "fields": {"is_read": 1, "cflaggers": [], "recipient": 4, "subject": "Draw Declined"}}, {"pk": 266, "model": "comments.tcdmessage", "fields": {"is_read": 1, "cflaggers": [], "recipient": 4, "subject": "Draw?"}}, {"pk": 265, "model": "comments.tcdmessage", "fields": {"is_read": 1, "cflaggers": [], "recipient": 4, "subject": "Draw Accepted"}}, {"pk": 260, "model": "comments.tcdmessage", "fields": {"is_read": 1, "cflaggers": [], "recipient": 4, "subject": "Draw?"}}, {"pk": 259, "model": "comments.tcdmessage", "fields": {"is_read": 1, "cflaggers": [], "recipient": 4, "subject": "Draw Declined"}}, {"pk": 254, "model": "comments.tcdmessage", "fields": {"is_read": 1, "cflaggers": [], "recipient": 1, "subject": "Draw?"}}, {"pk": 250, "model": "comments.tcdmessage", "fields": {"is_read": 1, "cflaggers": [], "recipient": 1, "subject": "Draw?"}}, {"pk": 245, "model": "comments.tcdmessage", "fields": {"is_read": 1, "cflaggers": [], "recipient": 4, "subject": "All right, you win"}}, {"pk": 244, "model": "comments.tcdmessage", "fields": {"is_read": 1, "cflaggers": [], "recipient": 4, "subject": "All right, you win"}}, {"pk": 243, "model": "comments.tcdmessage", "fields": {"is_read": 1, "cflaggers": [], "recipient": 4, "subject": "All right, you win"}}, {"pk": 242, "model": "comments.tcdmessage", "fields": {"is_read": 1, "cflaggers": [], "recipient": 4, "subject": "All right, you win"}}, {"pk": 241, "model": "comments.tcdmessage", "fields": {"is_read": 1, "cflaggers": [], "recipient": 4, "subject": "All right, you win"}}, {"pk": 240, "model": "comments.tcdmessage", "fields": {"is_read": 1, "cflaggers": [], "recipient": 4, "subject": "All right, you win"}}, {"pk": 238, "model": "comments.tcdmessage", "fields": {"is_read": 1, "cflaggers": [], "recipient": 4, "subject": "All right, you win"}}, {"pk": 237, "model": "comments.tcdmessage", "fields": {"is_read": 1, "cflaggers": [], "recipient": 1, "subject": "Challenge declined"}}, {"pk": 234, "model": "comments.tcdmessage", "fields": {"is_read": 1, "cflaggers": [], "recipient": 4, "subject": "Challenge accepted"}}, {"pk": 232, "model": "comments.tcdmessage", "fields": {"is_read": 1, "cflaggers": [], "recipient": 1, "subject": "Challenge!"}}, {"pk": 228, "model": "comments.tcdmessage", "fields": {"is_read": 1, "cflaggers": [], "recipient": 1, "subject": "Challenge!"}}, {"pk": 225, "model": "comments.tcdmessage", "fields": {"is_read": 1, "cflaggers": [], "recipient": 1, "subject": "Challenge accepted"}}, {"pk": 196, "model": "comments.tcdmessage", "fields": {"is_read": 1, "cflaggers": [], "recipient": 1, "subject": "And the winner is..."}}, {"pk": 189, "model": "comments.tcdmessage", "fields": {"is_read": 1, "cflaggers": [], "recipient": 4, "subject": "Challenge accepted"}}, {"pk": 185, "model": "comments.tcdmessage", "fields": {"is_read": 1, "cflaggers": [], "recipient": 1, "subject": "Challenge accepted"}}, {"pk": 177, "model": "comments.tcdmessage", "fields": {"is_read": 1, "cflaggers": [], "recipient": 4, "subject": "And the winner is..."}}, {"pk": 179, "model": "comments.tcdmessage", "fields": {"is_read": 1, "cflaggers": [], "recipient": 1, "subject": "And the winner is..."}}, {"pk": 180, "model": "comments.tcdmessage", "fields": {"is_read": 1, "cflaggers": [], "recipient": 4, "subject": "And the winner is..."}}, {"pk": 181, "model": "comments.tcdmessage", "fields": {"is_read": 1, "cflaggers": [], "recipient": 4, "subject": "And the winner is..."}}, {"pk": 182, "model": "comments.tcdmessage", "fields": {"is_read": 1, "cflaggers": [], "recipient": 1, "subject": "And the winner is..."}}, {"pk": 172, "model": "comments.tcdmessage", "fields": {"is_read": 1, "cflaggers": [], "recipient": 4, "subject": "Challenge accepted"}}, {"pk": 170, "model": "comments.tcdmessage", "fields": {"is_read": 1, "cflaggers": [], "recipient": 4, "subject": "Challenge accepted"}}, {"pk": 168, "model": "comments.tcdmessage", "fields": {"is_read": 1, "cflaggers": [], "recipient": 4, "subject": "Challenge accepted"}}, {"pk": 165, "model": "comments.tcdmessage", "fields": {"is_read": 1, "cflaggers": [], "recipient": 1, "subject": "Challenge!"}}, {"pk": 163, "model": "comments.tcdmessage", "fields": {"is_read": 1, "cflaggers": [], "recipient": 1, "subject": "Challenge!"}}, {"pk": 150, "model": "comments.tcdmessage", "fields": {"is_read": 1, "cflaggers": [], "recipient": 1, "subject": "De-Fault!"}}, {"pk": 152, "model": "comments.tcdmessage", "fields": {"is_read": 1, "cflaggers": [], "recipient": 1, "subject": "De-Fault!"}}, {"pk": 154, "model": "comments.tcdmessage", "fields": {"is_read": 1, "cflaggers": [], "recipient": 4, "subject": "De-Fault!"}}, {"pk": 137, "model": "comments.tcdmessage", "fields": {"is_read": 1, "cflaggers": [], "recipient": 1, "subject": "Challenge!"}}, {"pk": 133, "model": "comments.tcdmessage", "fields": {"is_read": 1, "cflaggers": [], "recipient": 1, "subject": "Draw Accepted"}}, {"pk": 128, "model": "comments.tcdmessage", "fields": {"is_read": 1, "cflaggers": [], "recipient": 1, "subject": "Challenge!"}}, {"pk": 119, "model": "comments.tcdmessage", "fields": {"is_read": 1, "cflaggers": [], "recipient": 1, "subject": "Challenge!"}}, {"pk": 115, "model": "comments.tcdmessage", "fields": {"is_read": 1, "cflaggers": [], "recipient": 4, "subject": "Challenge!"}}, {"pk": 112, "model": "comments.tcdmessage", "fields": {"is_read": 1, "cflaggers": [], "recipient": 1, "subject": "De-Fault!"}}, {"pk": 104, "model": "comments.tcdmessage", "fields": {"is_read": 1, "cflaggers": [], "recipient": 1, "subject": "That's too bad"}}, {"pk": 84, "model": "comments.tcdmessage", "fields": {"is_read": 1, "cflaggers": [], "recipient": 1, "subject": "Challenge!"}}, {"pk": 80, "model": "comments.tcdmessage", "fields": {"is_read": 1, "cflaggers": [], "recipient": 1, "subject": "Challenge!"}}, {"pk": 78, "model": "comments.tcdmessage", "fields": {"is_read": 1, "cflaggers": [], "recipient": 1, "subject": "Draw Accepted"}}, {"pk": 64, "model": "comments.tcdmessage", "fields": {"is_read": 1, "cflaggers": [], "recipient": 9, "subject": "Draw?"}}, {"pk": 60, "model": "comments.tcdmessage", "fields": {"is_read": 1, "cflaggers": [], "recipient": 9, "subject": "Draw?"}}, {"pk": 52, "model": "comments.tcdmessage", "fields": {"is_read": 1, "cflaggers": [], "recipient": 9, "subject": "Challenge accepted"}}, {"pk": 30, "model": "comments.tcdmessage", "fields": {"is_read": 1, "cflaggers": [], "recipient": 3, "subject": "Challenge accepted"}}, {"pk": 2683, "model": "comments.topiccomment", "fields": {"cflaggers": [], "nparent_id": 2681, "ntopic": 57, "nnesting": 130, "followers": [3], "removed": 0, "first": 0}}, {"pk": 2682, "model": "comments.topiccomment", "fields": {"cflaggers": [], "nparent_id": 2674, "ntopic": 57, "nnesting": 50, "followers": [3], "removed": 0, "first": 0}}, {"pk": 2681, "model": "comments.topiccomment", "fields": {"cflaggers": [], "nparent_id": 2675, "ntopic": 57, "nnesting": 90, "followers": [3], "removed": 0, "first": 0}}, {"pk": 2680, "model": "comments.topiccomment", "fields": {"cflaggers": [], "nparent_id": 0, "ntopic": 57, "nnesting": 10, "followers": [3], "removed": 0, "first": 0}}, {"pk": 2679, "model": "comments.topiccomment", "fields": {"cflaggers": [], "nparent_id": 0, "ntopic": 57, "nnesting": 10, "followers": [3], "removed": 0, "first": 0}}, {"pk": 2678, "model": "comments.topiccomment", "fields": {"cflaggers": [], "nparent_id": 0, "ntopic": 57, "nnesting": 10, "followers": [3], "removed": 0, "first": 0}}, {"pk": 2677, "model": "comments.topiccomment", "fields": {"cflaggers": [], "nparent_id": 2676, "ntopic": 57, "nnesting": 130, "followers": [3], "removed": 0, "first": 0}}, {"pk": 2676, "model": "comments.topiccomment", "fields": {"cflaggers": [], "nparent_id": 2675, "ntopic": 57, "nnesting": 90, "followers": [3], "removed": 0, "first": 0}}, {"pk": 2675, "model": "comments.topiccomment", "fields": {"cflaggers": [], "nparent_id": 2674, "ntopic": 57, "nnesting": 50, "followers": [3], "removed": 0, "first": 0}}, {"pk": 2674, "model": "comments.topiccomment", "fields": {"cflaggers": [], "nparent_id": 0, "ntopic": 57, "nnesting": 10, "followers": [3], "removed": 0, "first": 0}}, {"pk": 2673, "model": "comments.topiccomment", "fields": {"cflaggers": [], "nparent_id": 2668, "ntopic": 57, "nnesting": 170, "followers": [3], "removed": 0, "first": 0}}, {"pk": 2672, "model": "comments.topiccomment", "fields": {"cflaggers": [], "nparent_id": 2671, "ntopic": 57, "nnesting": 90, "followers": [3], "removed": 0, "first": 0}}, {"pk": 2671, "model": "comments.topiccomment", "fields": {"cflaggers": [], "nparent_id": 2662, "ntopic": 57, "nnesting": 50, "followers": [3], "removed": 0, "first": 0}}, {"pk": 2670, "model": "comments.topiccomment", "fields": {"cflaggers": [], "nparent_id": 2669, "ntopic": 57, "nnesting": 90, "followers": [3], "removed": 0, "first": 0}}, {"pk": 2669, "model": "comments.topiccomment", "fields": {"cflaggers": [], "nparent_id": 2658, "ntopic": 57, "nnesting": 50, "followers": [3], "removed": 0, "first": 0}}, {"pk": 2668, "model": "comments.topiccomment", "fields": {"cflaggers": [], "nparent_id": 2667, "ntopic": 57, "nnesting": 130, "followers": [3], "removed": 0, "first": 0}}, {"pk": 2667, "model": "comments.topiccomment", "fields": {"cflaggers": [], "nparent_id": 2666, "ntopic": 57, "nnesting": 90, "followers": [3], "removed": 0, "first": 0}}, {"pk": 2666, "model": "comments.topiccomment", "fields": {"cflaggers": [], "nparent_id": 2663, "ntopic": 57, "nnesting": 50, "followers": [3], "removed": 0, "first": 0}}, {"pk": 2665, "model": "comments.topiccomment", "fields": {"cflaggers": [], "nparent_id": 2664, "ntopic": 57, "nnesting": 50, "followers": [3], "removed": 0, "first": 0}}, {"pk": 2664, "model": "comments.topiccomment", "fields": {"cflaggers": [], "nparent_id": 0, "ntopic": 57, "nnesting": 10, "followers": [3], "removed": 0, "first": 0}}, {"pk": 2663, "model": "comments.topiccomment", "fields": {"cflaggers": [], "nparent_id": 0, "ntopic": 57, "nnesting": 10, "followers": [3], "removed": 0, "first": 0}}, {"pk": 2662, "model": "comments.topiccomment", "fields": {"cflaggers": [], "nparent_id": 0, "ntopic": 57, "nnesting": 10, "followers": [3], "removed": 0, "first": 0}}, {"pk": 2661, "model": "comments.topiccomment", "fields": {"cflaggers": [], "nparent_id": 0, "ntopic": 57, "nnesting": 10, "followers": [3], "removed": 0, "first": 0}}, {"pk": 2660, "model": "comments.topiccomment", "fields": {"cflaggers": [], "nparent_id": 0, "ntopic": 57, "nnesting": 10, "followers": [3], "removed": 0, "first": 0}}, {"pk": 2659, "model": "comments.topiccomment", "fields": {"cflaggers": [], "nparent_id": 0, "ntopic": 57, "nnesting": 10, "followers": [3], "removed": 0, "first": 0}}, {"pk": 2658, "model": "comments.topiccomment", "fields": {"cflaggers": [], "nparent_id": 0, "ntopic": 57, "nnesting": 10, "followers": [3], "removed": 0, "first": 0}}, {"pk": 2657, "model": "comments.topiccomment", "fields": {"cflaggers": [], "nparent_id": 0, "ntopic": 57, "nnesting": 10, "followers": [3], "removed": 0, "first": 0}}, {"pk": 2656, "model": "comments.topiccomment", "fields": {"cflaggers": [], "nparent_id": 2649, "ntopic": 60, "nnesting": 50, "followers": [3], "removed": 0, "first": 0}}, {"pk": 2655, "model": "comments.topiccomment", "fields": {"cflaggers": [], "nparent_id": 2654, "ntopic": 60, "nnesting": 50, "followers": [3], "removed": 0, "first": 0}}, {"pk": 2654, "model": "comments.topiccomment", "fields": {"cflaggers": [], "nparent_id": 0, "ntopic": 60, "nnesting": 10, "followers": [3], "removed": 0, "first": 0}}, {"pk": 2653, "model": "comments.topiccomment", "fields": {"cflaggers": [], "nparent_id": 0, "ntopic": 58, "nnesting": 10, "followers": [1], "removed": 0, "first": 0}}, {"pk": 2652, "model": "comments.topiccomment", "fields": {"cflaggers": [], "nparent_id": 0, "ntopic": 58, "nnesting": 10, "followers": [1], "removed": 0, "first": 0}}, {"pk": 2651, "model": "comments.topiccomment", "fields": {"cflaggers": [], "nparent_id": 0, "ntopic": 58, "nnesting": 10, "followers": [1], "removed": 0, "first": 0}}, {"pk": 2650, "model": "comments.topiccomment", "fields": {"cflaggers": [], "nparent_id": 0, "ntopic": 58, "nnesting": 10, "followers": [1], "removed": 0, "first": 0}}, {"pk": 2649, "model": "comments.topiccomment", "fields": {"cflaggers": [], "nparent_id": 0, "ntopic": 60, "nnesting": 10, "followers": [1, 3], "removed": 0, "first": 0}}, {"pk": 2648, "model": "comments.topiccomment", "fields": {"cflaggers": [], "nparent_id": 0, "ntopic": 60, "nnesting": 10, "followers": [1], "removed": 0, "first": 0}}, {"pk": 2647, "model": "comments.topiccomment", "fields": {"cflaggers": [], "nparent_id": 0, "ntopic": 60, "nnesting": 10, "followers": [], "removed": 0, "first": 0}}, {"pk": 2646, "model": "comments.topiccomment", "fields": {"cflaggers": [], "nparent_id": 0, "ntopic": 60, "nnesting": 10, "followers": [1], "removed": 0, "first": 0}}, {"pk": 2645, "model": "comments.topiccomment", "fields": {"cflaggers": [], "nparent_id": 0, "ntopic": 60, "nnesting": 10, "followers": [], "removed": 0, "first": 0}}, {"pk": 2644, "model": "comments.topiccomment", "fields": {"cflaggers": [], "nparent_id": 0, "ntopic": 60, "nnesting": 10, "followers": [], "removed": 0, "first": 0}}, {"pk": 2643, "model": "comments.topiccomment", "fields": {"cflaggers": [], "nparent_id": 0, "ntopic": 60, "nnesting": 10, "followers": [], "removed": 0, "first": 0}}, {"pk": 2642, "model": "comments.topiccomment", "fields": {"cflaggers": [], "nparent_id": 0, "ntopic": 55, "nnesting": 10, "followers": [], "removed": 0, "first": 0}}, {"pk": 2641, "model": "comments.topiccomment", "fields": {"cflaggers": [], "nparent_id": 2640, "ntopic": 55, "nnesting": 50, "followers": [], "removed": 0, "first": 0}}, {"pk": 2640, "model": "comments.topiccomment", "fields": {"cflaggers": [], "nparent_id": 0, "ntopic": 55, "nnesting": 10, "followers": [], "removed": 0, "first": 0}}, {"pk": 2637, "model": "comments.topiccomment", "fields": {"cflaggers": [], "nparent_id": 0, "ntopic": 60, "nnesting": 10, "followers": [1, 3], "removed": 0, "first": 0}}, {"pk": 2636, "model": "comments.topiccomment", "fields": {"cflaggers": [], "nparent_id": 2611, "ntopic": 59, "nnesting": 50, "followers": [], "removed": 0, "first": 0}}, {"pk": 2635, "model": "comments.topiccomment", "fields": {"cflaggers": [], "nparent_id": 0, "ntopic": 59, "nnesting": 10, "followers": [], "removed": 0, "first": 0}}, {"pk": 2634, "model": "comments.topiccomment", "fields": {"cflaggers": [], "nparent_id": 0, "ntopic": 56, "nnesting": 10, "followers": [], "removed": 0, "first": 0}}, {"pk": 2633, "model": "comments.topiccomment", "fields": {"cflaggers": [], "nparent_id": 2627, "ntopic": 60, "nnesting": 90, "followers": [], "removed": 0, "first": 0}}, {"pk": 2631, "model": "comments.topiccomment", "fields": {"cflaggers": [], "nparent_id": 0, "ntopic": 60, "nnesting": 10, "followers": [], "removed": 0, "first": 0}}, {"pk": 2630, "model": "comments.topiccomment", "fields": {"cflaggers": [], "nparent_id": 2626, "ntopic": 60, "nnesting": 50, "followers": [], "removed": 0, "first": 0}}, {"pk": 2627, "model": "comments.topiccomment", "fields": {"cflaggers": [], "nparent_id": 2626, "ntopic": 60, "nnesting": 50, "followers": [1], "removed": 0, "first": 0}}, {"pk": 2626, "model": "comments.topiccomment", "fields": {"cflaggers": [], "nparent_id": 0, "ntopic": 60, "nnesting": 10, "followers": [1], "removed": 0, "first": 0}}, {"pk": 2625, "model": "comments.topiccomment", "fields": {"cflaggers": [], "nparent_id": 0, "ntopic": 60, "nnesting": 0, "followers": [], "removed": 0, "first": 1}}, {"pk": 2624, "model": "comments.topiccomment", "fields": {"cflaggers": [], "nparent_id": 0, "ntopic": 57, "nnesting": 10, "followers": [], "removed": 0, "first": 0}}, {"pk": 2623, "model": "comments.topiccomment", "fields": {"cflaggers": [], "nparent_id": 0, "ntopic": 57, "nnesting": 10, "followers": [], "removed": 0, "first": 0}}, {"pk": 2622, "model": "comments.topiccomment", "fields": {"cflaggers": [], "nparent_id": 0, "ntopic": 57, "nnesting": 10, "followers": [], "removed": 0, "first": 0}}, {"pk": 2612, "model": "comments.topiccomment", "fields": {"cflaggers": [], "nparent_id": 2611, "ntopic": 59, "nnesting": 50, "followers": [1], "removed": 0, "first": 0}}, {"pk": 2611, "model": "comments.topiccomment", "fields": {"cflaggers": [], "nparent_id": 0, "ntopic": 59, "nnesting": 10, "followers": [1], "removed": 0, "first": 0}}, {"pk": 2610, "model": "comments.topiccomment", "fields": {"cflaggers": [], "nparent_id": 0, "ntopic": 59, "nnesting": 0, "followers": [], "removed": 0, "first": 1}}, {"pk": 2609, "model": "comments.topiccomment", "fields": {"cflaggers": [], "nparent_id": 2592, "ntopic": 55, "nnesting": 50, "followers": [], "removed": 0, "first": 0}}, {"pk": 2608, "model": "comments.topiccomment", "fields": {"cflaggers": [], "nparent_id": 2607, "ntopic": 55, "nnesting": 90, "followers": [], "removed": 0, "first": 0}}, {"pk": 2607, "model": "comments.topiccomment", "fields": {"cflaggers": [], "nparent_id": 2592, "ntopic": 55, "nnesting": 50, "followers": [], "removed": 0, "first": 0}}, {"pk": 2606, "model": "comments.topiccomment", "fields": {"cflaggers": [], "nparent_id": 2604, "ntopic": 55, "nnesting": 90, "followers": [], "removed": 0, "first": 0}}, {"pk": 2605, "model": "comments.topiccomment", "fields": {"cflaggers": [], "nparent_id": 2604, "ntopic": 55, "nnesting": 90, "followers": [], "removed": 0, "first": 0}}, {"pk": 2604, "model": "comments.topiccomment", "fields": {"cflaggers": [], "nparent_id": 2592, "ntopic": 55, "nnesting": 50, "followers": [], "removed": 0, "first": 0}}, {"pk": 2600, "model": "comments.topiccomment", "fields": {"cflaggers": [], "nparent_id": 0, "ntopic": 58, "nnesting": 10, "followers": [], "removed": 0, "first": 0}}, {"pk": 2599, "model": "comments.topiccomment", "fields": {"cflaggers": [], "nparent_id": 0, "ntopic": 58, "nnesting": 0, "followers": [], "removed": 0, "first": 1}}, {"pk": 2598, "model": "comments.topiccomment", "fields": {"cflaggers": [], "nparent_id": 0, "ntopic": 56, "nnesting": 10, "followers": [], "removed": 0, "first": 0}}, {"pk": 2592, "model": "comments.topiccomment", "fields": {"cflaggers": [], "nparent_id": 0, "ntopic": 55, "nnesting": 10, "followers": [], "removed": 0, "first": 0}}, {"pk": 2591, "model": "comments.topiccomment", "fields": {"cflaggers": [], "nparent_id": 0, "ntopic": 55, "nnesting": 10, "followers": [], "removed": 0, "first": 0}}, {"pk": 2590, "model": "comments.topiccomment", "fields": {"cflaggers": [], "nparent_id": 0, "ntopic": 56, "nnesting": 0, "followers": [], "removed": 0, "first": 1}}, {"pk": 2586, "model": "comments.topiccomment", "fields": {"cflaggers": [], "nparent_id": 0, "ntopic": 55, "nnesting": 10, "followers": [], "removed": 0, "first": 0}}, {"pk": 2585, "model": "comments.topiccomment", "fields": {"cflaggers": [], "nparent_id": 0, "ntopic": 55, "nnesting": 10, "followers": [], "removed": 0, "first": 0}}, {"pk": 2584, "model": "comments.topiccomment", "fields": {"cflaggers": [], "nparent_id": 0, "ntopic": 55, "nnesting": 10, "followers": [], "removed": 0, "first": 0}}, {"pk": 2583, "model": "comments.topiccomment", "fields": {"cflaggers": [], "nparent_id": 0, "ntopic": 55, "nnesting": 10, "followers": [], "removed": 0, "first": 0}}, {"pk": 2582, "model": "comments.topiccomment", "fields": {"cflaggers": [], "nparent_id": 0, "ntopic": 55, "nnesting": 10, "followers": [], "removed": 0, "first": 0}}, {"pk": 2581, "model": "comments.topiccomment", "fields": {"cflaggers": [], "nparent_id": 0, "ntopic": 55, "nnesting": 10, "followers": [], "removed": 0, "first": 0}}, {"pk": 2580, "model": "comments.topiccomment", "fields": {"cflaggers": [], "nparent_id": 0, "ntopic": 55, "nnesting": 10, "followers": [], "removed": 0, "first": 0}}, {"pk": 2579, "model": "comments.topiccomment", "fields": {"cflaggers": [], "nparent_id": 0, "ntopic": 55, "nnesting": 10, "followers": [], "removed": 0, "first": 0}}, {"pk": 2578, "model": "comments.topiccomment", "fields": {"cflaggers": [], "nparent_id": 0, "ntopic": 55, "nnesting": 10, "followers": [], "removed": 0, "first": 0}}, {"pk": 2577, "model": "comments.topiccomment", "fields": {"cflaggers": [], "nparent_id": 0, "ntopic": 55, "nnesting": 10, "followers": [], "removed": 0, "first": 0}}, {"pk": 2576, "model": "comments.topiccomment", "fields": {"cflaggers": [], "nparent_id": 0, "ntopic": 55, "nnesting": 10, "followers": [], "removed": 0, "first": 0}}, {"pk": 2575, "model": "comments.topiccomment", "fields": {"cflaggers": [], "nparent_id": 0, "ntopic": 48, "nnesting": 10, "followers": [], "removed": 0, "first": 0}}, {"pk": 2574, "model": "comments.topiccomment", "fields": {"cflaggers": [], "nparent_id": 0, "ntopic": 48, "nnesting": 10, "followers": [], "removed": 0, "first": 0}}, {"pk": 2573, "model": "comments.topiccomment", "fields": {"cflaggers": [], "nparent_id": 0, "ntopic": 48, "nnesting": 10, "followers": [], "removed": 0, "first": 0}}, {"pk": 2572, "model": "comments.topiccomment", "fields": {"cflaggers": [], "nparent_id": 0, "ntopic": 48, "nnesting": 10, "followers": [], "removed": 0, "first": 0}}, {"pk": 2571, "model": "comments.topiccomment", "fields": {"cflaggers": [], "nparent_id": 0, "ntopic": 48, "nnesting": 10, "followers": [], "removed": 0, "first": 0}}, {"pk": 2570, "model": "comments.topiccomment", "fields": {"cflaggers": [], "nparent_id": 0, "ntopic": 53, "nnesting": 10, "followers": [], "removed": 0, "first": 0}}, {"pk": 2569, "model": "comments.topiccomment", "fields": {"cflaggers": [], "nparent_id": 0, "ntopic": 53, "nnesting": 10, "followers": [], "removed": 0, "first": 0}}, {"pk": 2568, "model": "comments.topiccomment", "fields": {"cflaggers": [], "nparent_id": 0, "ntopic": 53, "nnesting": 10, "followers": [], "removed": 0, "first": 0}}, {"pk": 2567, "model": "comments.topiccomment", "fields": {"cflaggers": [], "nparent_id": 0, "ntopic": 53, "nnesting": 10, "followers": [], "removed": 0, "first": 0}}, {"pk": 2566, "model": "comments.topiccomment", "fields": {"cflaggers": [], "nparent_id": 0, "ntopic": 53, "nnesting": 10, "followers": [], "removed": 0, "first": 0}}, {"pk": 2565, "model": "comments.topiccomment", "fields": {"cflaggers": [], "nparent_id": 0, "ntopic": 53, "nnesting": 10, "followers": [], "removed": 0, "first": 0}}, {"pk": 2564, "model": "comments.topiccomment", "fields": {"cflaggers": [], "nparent_id": 0, "ntopic": 53, "nnesting": 10, "followers": [], "removed": 0, "first": 0}}, {"pk": 2563, "model": "comments.topiccomment", "fields": {"cflaggers": [], "nparent_id": 0, "ntopic": 55, "nnesting": 10, "followers": [], "removed": 0, "first": 0}}, {"pk": 2562, "model": "comments.topiccomment", "fields": {"cflaggers": [], "nparent_id": 0, "ntopic": 55, "nnesting": 10, "followers": [], "removed": 0, "first": 0}}, {"pk": 2561, "model": "comments.topiccomment", "fields": {"cflaggers": [], "nparent_id": 0, "ntopic": 55, "nnesting": 0, "followers": [], "removed": 0, "first": 1}}, {"pk": 2560, "model": "comments.topiccomment", "fields": {"cflaggers": [], "nparent_id": 2559, "ntopic": 54, "nnesting": 50, "followers": [], "removed": 0, "first": 0}}, {"pk": 2559, "model": "comments.topiccomment", "fields": {"cflaggers": [], "nparent_id": 0, "ntopic": 54, "nnesting": 10, "followers": [], "removed": 0, "first": 0}}, {"pk": 2551, "model": "comments.topiccomment", "fields": {"cflaggers": [], "nparent_id": 2550, "ntopic": 54, "nnesting": 50, "followers": [], "removed": 0, "first": 0}}, {"pk": 2550, "model": "comments.topiccomment", "fields": {"cflaggers": [], "nparent_id": 0, "ntopic": 54, "nnesting": 10, "followers": [], "removed": 0, "first": 0}}, {"pk": 2549, "model": "comments.topiccomment", "fields": {"cflaggers": [], "nparent_id": 0, "ntopic": 54, "nnesting": 0, "followers": [], "removed": 0, "first": 1}}, {"pk": 2501, "model": "comments.topiccomment", "fields": {"cflaggers": [], "nparent_id": 2500, "ntopic": 53, "nnesting": 50, "followers": [], "removed": 0, "first": 0}}, {"pk": 2500, "model": "comments.topiccomment", "fields": {"cflaggers": [], "nparent_id": 0, "ntopic": 53, "nnesting": 10, "followers": [], "removed": 0, "first": 0}}, {"pk": 2499, "model": "comments.topiccomment", "fields": {"cflaggers": [], "nparent_id": 0, "ntopic": 53, "nnesting": 0, "followers": [], "removed": 0, "first": 1}}, {"pk": 2367, "model": "comments.topiccomment", "fields": {"cflaggers": [], "nparent_id": 0, "ntopic": 51, "nnesting": 10, "followers": [], "removed": 0, "first": 0}}, {"pk": 2366, "model": "comments.topiccomment", "fields": {"cflaggers": [], "nparent_id": 0, "ntopic": 51, "nnesting": 0, "followers": [], "removed": 0, "first": 1}}, {"pk": 2365, "model": "comments.topiccomment", "fields": {"cflaggers": [], "nparent_id": 0, "ntopic": 40, "nnesting": 10, "followers": [], "removed": 0, "first": 0}}, {"pk": 2364, "model": "comments.topiccomment", "fields": {"cflaggers": [], "nparent_id": 0, "ntopic": 50, "nnesting": 0, "followers": [], "removed": 0, "first": 1}}, {"pk": 2363, "model": "comments.topiccomment", "fields": {"cflaggers": [], "nparent_id": 0, "ntopic": 41, "nnesting": 10, "followers": [], "removed": 0, "first": 0}}, {"pk": 2362, "model": "comments.topiccomment", "fields": {"cflaggers": [], "nparent_id": 0, "ntopic": 48, "nnesting": 10, "followers": [], "removed": 0, "first": 0}}, {"pk": 2361, "model": "comments.topiccomment", "fields": {"cflaggers": [], "nparent_id": 0, "ntopic": 48, "nnesting": 10, "followers": [], "removed": 0, "first": 0}}, {"pk": 2360, "model": "comments.topiccomment", "fields": {"cflaggers": [], "nparent_id": 0, "ntopic": 48, "nnesting": 10, "followers": [], "removed": 1, "first": 0}}, {"pk": 2359, "model": "comments.topiccomment", "fields": {"cflaggers": [], "nparent_id": 0, "ntopic": 48, "nnesting": 10, "followers": [], "removed": 0, "first": 0}}, {"pk": 2358, "model": "comments.topiccomment", "fields": {"cflaggers": [], "nparent_id": 0, "ntopic": 48, "nnesting": 10, "followers": [], "removed": 0, "first": 0}}, {"pk": 2357, "model": "comments.topiccomment", "fields": {"cflaggers": [], "nparent_id": 0, "ntopic": 48, "nnesting": 10, "followers": [], "removed": 0, "first": 0}}, {"pk": 2356, "model": "comments.topiccomment", "fields": {"cflaggers": [], "nparent_id": 0, "ntopic": 48, "nnesting": 10, "followers": [], "removed": 0, "first": 0}}, {"pk": 2355, "model": "comments.topiccomment", "fields": {"cflaggers": [], "nparent_id": 2354, "ntopic": 48, "nnesting": 50, "followers": [], "removed": 0, "first": 0}}, {"pk": 2354, "model": "comments.topiccomment", "fields": {"cflaggers": [], "nparent_id": 0, "ntopic": 48, "nnesting": 10, "followers": [], "removed": 0, "first": 0}}, {"pk": 2353, "model": "comments.topiccomment", "fields": {"cflaggers": [], "nparent_id": 0, "ntopic": 48, "nnesting": 10, "followers": [], "removed": 0, "first": 0}}, {"pk": 2352, "model": "comments.topiccomment", "fields": {"cflaggers": [], "nparent_id": 0, "ntopic": 48, "nnesting": 10, "followers": [], "removed": 0, "first": 0}}, {"pk": 2351, "model": "comments.topiccomment", "fields": {"cflaggers": [], "nparent_id": 0, "ntopic": 48, "nnesting": 0, "followers": [], "removed": 0, "first": 1}}, {"pk": 2350, "model": "comments.topiccomment", "fields": {"cflaggers": [], "nparent_id": 0, "ntopic": 47, "nnesting": 10, "followers": [], "removed": 0, "first": 0}}, {"pk": 2349, "model": "comments.topiccomment", "fields": {"cflaggers": [], "nparent_id": 0, "ntopic": 47, "nnesting": 0, "followers": [], "removed": 0, "first": 1}}, {"pk": 2348, "model": "comments.topiccomment", "fields": {"cflaggers": [], "nparent_id": 0, "ntopic": 43, "nnesting": 0, "followers": [], "removed": 0, "first": 1}}, {"pk": 2347, "model": "comments.topiccomment", "fields": {"cflaggers": [], "nparent_id": 0, "ntopic": 41, "nnesting": 0, "followers": [], "removed": 0, "first": 1}}, {"pk": 2346, "model": "comments.topiccomment", "fields": {"cflaggers": [], "nparent_id": 0, "ntopic": 40, "nnesting": 0, "followers": [], "removed": 0, "first": 1}}, {"pk": 2345, "model": "comments.topiccomment", "fields": {"cflaggers": [], "nparent_id": 2336, "ntopic": 1, "nnesting": 50, "followers": [], "removed": 0, "first": 0}}, {"pk": 2344, "model": "comments.topiccomment", "fields": {"cflaggers": [], "nparent_id": 0, "ntopic": 30, "nnesting": 10, "followers": [], "removed": 0, "first": 0}}, {"pk": 2343, "model": "comments.topiccomment", "fields": {"cflaggers": [], "nparent_id": 0, "ntopic": 35, "nnesting": 10, "followers": [], "removed": 0, "first": 0}}, {"pk": 2342, "model": "comments.topiccomment", "fields": {"cflaggers": [], "nparent_id": 0, "ntopic": 34, "nnesting": 10, "followers": [], "removed": 0, "first": 0}}, {"pk": 2341, "model": "comments.topiccomment", "fields": {"cflaggers": [], "nparent_id": 0, "ntopic": 39, "nnesting": 0, "followers": [], "removed": 0, "first": 1}}, {"pk": 2340, "model": "comments.topiccomment", "fields": {"cflaggers": [], "nparent_id": 0, "ntopic": 38, "nnesting": 0, "followers": [], "removed": 0, "first": 1}}, {"pk": 2339, "model": "comments.topiccomment", "fields": {"cflaggers": [], "nparent_id": 0, "ntopic": 36, "nnesting": 0, "followers": [], "removed": 0, "first": 1}}, {"pk": 2338, "model": "comments.topiccomment", "fields": {"cflaggers": [], "nparent_id": 0, "ntopic": 35, "nnesting": 0, "followers": [], "removed": 0, "first": 1}}, {"pk": 2337, "model": "comments.topiccomment", "fields": {"cflaggers": [], "nparent_id": 0, "ntopic": 34, "nnesting": 0, "followers": [], "removed": 0, "first": 1}}, {"pk": 2336, "model": "comments.topiccomment", "fields": {"cflaggers": [], "nparent_id": 0, "ntopic": 1, "nnesting": 10, "followers": [], "removed": 0, "first": 0}}, {"pk": 2335, "model": "comments.topiccomment", "fields": {"cflaggers": [], "nparent_id": 0, "ntopic": 1, "nnesting": 10, "followers": [], "removed": 0, "first": 0}}, {"pk": 2334, "model": "comments.topiccomment", "fields": {"cflaggers": [], "nparent_id": 0, "ntopic": 1, "nnesting": 10, "followers": [], "removed": 0, "first": 0}}, {"pk": 2333, "model": "comments.topiccomment", "fields": {"cflaggers": [], "nparent_id": 0, "ntopic": 1, "nnesting": 10, "followers": [], "removed": 0, "first": 0}}, {"pk": 2332, "model": "comments.topiccomment", "fields": {"cflaggers": [], "nparent_id": 0, "ntopic": 1, "nnesting": 10, "followers": [], "removed": 0, "first": 0}}, {"pk": 2331, "model": "comments.topiccomment", "fields": {"cflaggers": [], "nparent_id": 2255, "ntopic": 1, "nnesting": 50, "followers": [], "removed": 0, "first": 0}}, {"pk": 2330, "model": "comments.topiccomment", "fields": {"cflaggers": [], "nparent_id": 2328, "ntopic": 33, "nnesting": 50, "followers": [], "removed": 0, "first": 0}}, {"pk": 2329, "model": "comments.topiccomment", "fields": {"cflaggers": [], "nparent_id": 0, "ntopic": 31, "nnesting": 10, "followers": [], "removed": 0, "first": 0}}, {"pk": 2328, "model": "comments.topiccomment", "fields": {"cflaggers": [], "nparent_id": 0, "ntopic": 33, "nnesting": 10, "followers": [], "removed": 0, "first": 0}}, {"pk": 2327, "model": "comments.topiccomment", "fields": {"cflaggers": [], "nparent_id": 0, "ntopic": 33, "nnesting": 10, "followers": [], "removed": 0, "first": 0}}, {"pk": 2326, "model": "comments.topiccomment", "fields": {"cflaggers": [], "nparent_id": 0, "ntopic": 33, "nnesting": 0, "followers": [], "removed": 0, "first": 1}}, {"pk": 2325, "model": "comments.topiccomment", "fields": {"cflaggers": [], "nparent_id": 0, "ntopic": 32, "nnesting": 0, "followers": [], "removed": 0, "first": 1}}, {"pk": 2324, "model": "comments.topiccomment", "fields": {"cflaggers": [], "nparent_id": 0, "ntopic": 31, "nnesting": 0, "followers": [], "removed": 0, "first": 1}}, {"pk": 2323, "model": "comments.topiccomment", "fields": {"cflaggers": [], "nparent_id": 0, "ntopic": 26, "nnesting": 10, "followers": [], "removed": 0, "first": 0}}, {"pk": 2322, "model": "comments.topiccomment", "fields": {"cflaggers": [], "nparent_id": 0, "ntopic": 30, "nnesting": 0, "followers": [], "removed": 0, "first": 1}}, {"pk": 2321, "model": "comments.topiccomment", "fields": {"cflaggers": [], "nparent_id": 0, "ntopic": 1, "nnesting": 10, "followers": [], "removed": 0, "first": 0}}, {"pk": 2320, "model": "comments.topiccomment", "fields": {"cflaggers": [], "nparent_id": 0, "ntopic": 29, "nnesting": 0, "followers": [], "removed": 0, "first": 1}}, {"pk": 2319, "model": "comments.topiccomment", "fields": {"cflaggers": [], "nparent_id": 0, "ntopic": 29, "nnesting": 10, "followers": [], "removed": 0, "first": 0}}, {"pk": 2318, "model": "comments.topiccomment", "fields": {"cflaggers": [], "nparent_id": 0, "ntopic": 28, "nnesting": 10, "followers": [], "removed": 0, "first": 0}}, {"pk": 2317, "model": "comments.topiccomment", "fields": {"cflaggers": [], "nparent_id": 0, "ntopic": 27, "nnesting": 0, "followers": [], "removed": 0, "first": 1}}, {"pk": 2316, "model": "comments.topiccomment", "fields": {"cflaggers": [], "nparent_id": 2314, "ntopic": 22, "nnesting": 50, "followers": [], "removed": 0, "first": 0}}, {"pk": 2315, "model": "comments.topiccomment", "fields": {"cflaggers": [], "nparent_id": 0, "ntopic": 24, "nnesting": 10, "followers": [], "removed": 0, "first": 0}}, {"pk": 2314, "model": "comments.topiccomment", "fields": {"cflaggers": [], "nparent_id": 0, "ntopic": 22, "nnesting": 10, "followers": [], "removed": 0, "first": 0}}, {"pk": 2313, "model": "comments.topiccomment", "fields": {"cflaggers": [], "nparent_id": 2310, "ntopic": 7, "nnesting": 210, "followers": [], "removed": 0, "first": 0}}, {"pk": 2312, "model": "comments.topiccomment", "fields": {"cflaggers": [], "nparent_id": 0, "ntopic": 24, "nnesting": 0, "followers": [], "removed": 0, "first": 1}}, {"pk": 2311, "model": "comments.topiccomment", "fields": {"cflaggers": [], "nparent_id": 0, "ntopic": 23, "nnesting": 0, "followers": [], "removed": 0, "first": 1}}, {"pk": 2310, "model": "comments.topiccomment", "fields": {"cflaggers": [3], "nparent_id": 2309, "ntopic": 7, "nnesting": 170, "followers": [], "removed": 0, "first": 0}}, {"pk": 2309, "model": "comments.topiccomment", "fields": {"cflaggers": [], "nparent_id": 2308, "ntopic": 7, "nnesting": 130, "followers": [], "removed": 0, "first": 0}}, {"pk": 2308, "model": "comments.topiccomment", "fields": {"cflaggers": [], "nparent_id": 2304, "ntopic": 7, "nnesting": 90, "followers": [], "removed": 0, "first": 0}}, {"pk": 2307, "model": "comments.topiccomment", "fields": {"cflaggers": [], "nparent_id": 0, "ntopic": 21, "nnesting": 10, "followers": [], "removed": 0, "first": 0}}, {"pk": 2306, "model": "comments.topiccomment", "fields": {"cflaggers": [1], "nparent_id": 2305, "ntopic": 21, "nnesting": 50, "followers": [], "removed": 0, "first": 0}}, {"pk": 2305, "model": "comments.topiccomment", "fields": {"cflaggers": [1], "nparent_id": 0, "ntopic": 21, "nnesting": 10, "followers": [], "removed": 0, "first": 0}}, {"pk": 2304, "model": "comments.topiccomment", "fields": {"cflaggers": [1], "nparent_id": 2280, "ntopic": 7, "nnesting": 50, "followers": [], "removed": 0, "first": 0}}, {"pk": 2303, "model": "comments.topiccomment", "fields": {"cflaggers": [1], "nparent_id": 0, "ntopic": 7, "nnesting": 10, "followers": [], "removed": 0, "first": 0}}, {"pk": 2302, "model": "comments.topiccomment", "fields": {"cflaggers": [], "nparent_id": 0, "ntopic": 22, "nnesting": 10, "followers": [], "removed": 0, "first": 0}}, {"pk": 2301, "model": "comments.topiccomment", "fields": {"cflaggers": [], "nparent_id": 0, "ntopic": 13, "nnesting": 10, "followers": [], "removed": 0, "first": 0}}, {"pk": 2300, "model": "comments.topiccomment", "fields": {"cflaggers": [], "nparent_id": 0, "ntopic": 21, "nnesting": 10, "followers": [], "removed": 0, "first": 0}}, {"pk": 2299, "model": "comments.topiccomment", "fields": {"cflaggers": [3], "nparent_id": 0, "ntopic": 1, "nnesting": 10, "followers": [], "removed": 0, "first": 0}}, {"pk": 2298, "model": "comments.topiccomment", "fields": {"cflaggers": [], "nparent_id": 0, "ntopic": 22, "nnesting": 0, "followers": [], "removed": 0, "first": 1}}, {"pk": 2297, "model": "comments.topiccomment", "fields": {"cflaggers": [], "nparent_id": 0, "ntopic": 21, "nnesting": 10, "followers": [], "removed": 0, "first": 0}}, {"pk": 2296, "model": "comments.topiccomment", "fields": {"cflaggers": [], "nparent_id": 0, "ntopic": 21, "nnesting": 0, "followers": [], "removed": 0, "first": 1}}, {"pk": 2295, "model": "comments.topiccomment", "fields": {"cflaggers": [], "nparent_id": 0, "ntopic": 20, "nnesting": 10, "followers": [], "removed": 1, "first": 0}}, {"pk": 2294, "model": "comments.topiccomment", "fields": {"cflaggers": [], "nparent_id": 0, "ntopic": 1, "nnesting": 10, "followers": [], "removed": 0, "first": 0}}, {"pk": 2293, "model": "comments.topiccomment", "fields": {"cflaggers": [], "nparent_id": 2292, "ntopic": 20, "nnesting": 50, "followers": [], "removed": 0, "first": 0}}, {"pk": 2292, "model": "comments.topiccomment", "fields": {"cflaggers": [], "nparent_id": 0, "ntopic": 20, "nnesting": 10, "followers": [], "removed": 0, "first": 0}}, {"pk": 2291, "model": "comments.topiccomment", "fields": {"cflaggers": [], "nparent_id": 0, "ntopic": 20, "nnesting": 0, "followers": [], "removed": 0, "first": 1}}, {"pk": 2290, "model": "comments.topiccomment", "fields": {"cflaggers": [], "nparent_id": 0, "ntopic": 18, "nnesting": 10, "followers": [], "removed": 0, "first": 0}}, {"pk": 2289, "model": "comments.topiccomment", "fields": {"cflaggers": [1], "nparent_id": 2280, "ntopic": 7, "nnesting": 50, "followers": [], "removed": 0, "first": 0}}, {"pk": 2288, "model": "comments.topiccomment", "fields": {"cflaggers": [1], "nparent_id": 2256, "ntopic": 1, "nnesting": 90, "followers": [], "removed": 0, "first": 0}}, {"pk": 2287, "model": "comments.topiccomment", "fields": {"cflaggers": [], "nparent_id": 2286, "ntopic": 19, "nnesting": 50, "followers": [], "removed": 0, "first": 0}}, {"pk": 2286, "model": "comments.topiccomment", "fields": {"cflaggers": [], "nparent_id": 0, "ntopic": 19, "nnesting": 10, "followers": [], "removed": 0, "first": 0}}, {"pk": 2285, "model": "comments.topiccomment", "fields": {"cflaggers": [], "nparent_id": 0, "ntopic": 19, "nnesting": 0, "followers": [], "removed": 0, "first": 1}}, {"pk": 2284, "model": "comments.topiccomment", "fields": {"cflaggers": [], "nparent_id": 0, "ntopic": 16, "nnesting": 10, "followers": [], "removed": 0, "first": 0}}, {"pk": 2283, "model": "comments.topiccomment", "fields": {"cflaggers": [1], "nparent_id": 0, "ntopic": 10, "nnesting": 10, "followers": [], "removed": 0, "first": 0}}, {"pk": 2282, "model": "comments.topiccomment", "fields": {"cflaggers": [], "nparent_id": 0, "ntopic": 16, "nnesting": 10, "followers": [], "removed": 0, "first": 0}}, {"pk": 2281, "model": "comments.topiccomment", "fields": {"cflaggers": [], "nparent_id": 2261, "ntopic": 2, "nnesting": 50, "followers": [], "removed": 0, "first": 0}}, {"pk": 2280, "model": "comments.topiccomment", "fields": {"cflaggers": [1], "nparent_id": 0, "ntopic": 7, "nnesting": 10, "followers": [], "removed": 0, "first": 0}}, {"pk": 2279, "model": "comments.topiccomment", "fields": {"cflaggers": [], "nparent_id": 0, "ntopic": 13, "nnesting": 10, "followers": [], "removed": 0, "first": 0}}, {"pk": 2278, "model": "comments.topiccomment", "fields": {"cflaggers": [], "nparent_id": 0, "ntopic": 13, "nnesting": 0, "followers": [], "removed": 0, "first": 1}}, {"pk": 2277, "model": "comments.topiccomment", "fields": {"cflaggers": [], "nparent_id": 0, "ntopic": 18, "nnesting": 0, "followers": [], "removed": 0, "first": 1}}, {"pk": 2276, "model": "comments.topiccomment", "fields": {"cflaggers": [], "nparent_id": 0, "ntopic": 7, "nnesting": 0, "followers": [], "removed": 0, "first": 1}}, {"pk": 2275, "model": "comments.topiccomment", "fields": {"cflaggers": [], "nparent_id": 0, "ntopic": 14, "nnesting": 0, "followers": [], "removed": 0, "first": 1}}, {"pk": 2274, "model": "comments.topiccomment", "fields": {"cflaggers": [], "nparent_id": 0, "ntopic": 8, "nnesting": 0, "followers": [], "removed": 0, "first": 1}}, {"pk": 2273, "model": "comments.topiccomment", "fields": {"cflaggers": [], "nparent_id": 0, "ntopic": 3, "nnesting": 0, "followers": [], "removed": 0, "first": 1}}, {"pk": 2272, "model": "comments.topiccomment", "fields": {"cflaggers": [], "nparent_id": 0, "ntopic": 9, "nnesting": 0, "followers": [], "removed": 0, "first": 1}}, {"pk": 2271, "model": "comments.topiccomment", "fields": {"cflaggers": [], "nparent_id": 0, "ntopic": 10, "nnesting": 0, "followers": [], "removed": 0, "first": 1}}, {"pk": 2270, "model": "comments.topiccomment", "fields": {"cflaggers": [], "nparent_id": 0, "ntopic": 1, "nnesting": 0, "followers": [], "removed": 0, "first": 1}}, {"pk": 2269, "model": "comments.topiccomment", "fields": {"cflaggers": [], "nparent_id": 2261, "ntopic": 2, "nnesting": 50, "followers": [], "removed": 0, "first": 0}}, {"pk": 2268, "model": "comments.topiccomment", "fields": {"cflaggers": [], "nparent_id": 0, "ntopic": 17, "nnesting": 0, "followers": [], "removed": 0, "first": 1}}, {"pk": 2267, "model": "comments.topiccomment", "fields": {"cflaggers": [], "nparent_id": 0, "ntopic": 12, "nnesting": 10, "followers": [], "removed": 0, "first": 0}}, {"pk": 2266, "model": "comments.topiccomment", "fields": {"cflaggers": [], "nparent_id": 2256, "ntopic": 1, "nnesting": 90, "followers": [], "removed": 0, "first": 0}}, {"pk": 2265, "model": "comments.topiccomment", "fields": {"cflaggers": [], "nparent_id": 0, "ntopic": 16, "nnesting": 10, "followers": [], "removed": 0, "first": 0}}, {"pk": 2264, "model": "comments.topiccomment", "fields": {"cflaggers": [], "nparent_id": 0, "ntopic": 16, "nnesting": 0, "followers": [], "removed": 0, "first": 1}}, {"pk": 2263, "model": "comments.topiccomment", "fields": {"cflaggers": [], "nparent_id": 0, "ntopic": 15, "nnesting": 0, "followers": [], "removed": 0, "first": 1}}, {"pk": 2262, "model": "comments.topiccomment", "fields": {"cflaggers": [], "nparent_id": 0, "ntopic": 2, "nnesting": 10, "followers": [], "removed": 0, "first": 1}}, {"pk": 2261, "model": "comments.topiccomment", "fields": {"cflaggers": [], "nparent_id": 0, "ntopic": 2, "nnesting": 10, "followers": [], "removed": 0, "first": 0}}, {"pk": 2260, "model": "comments.topiccomment", "fields": {"cflaggers": [], "nparent_id": 0, "ntopic": 1, "nnesting": 10, "followers": [], "removed": 0, "first": 0}}, {"pk": 2259, "model": "comments.topiccomment", "fields": {"cflaggers": [], "nparent_id": 0, "ntopic": 1, "nnesting": 10, "followers": [], "removed": 0, "first": 0}}, {"pk": 2258, "model": "comments.topiccomment", "fields": {"cflaggers": [], "nparent_id": 2257, "ntopic": 1, "nnesting": 90, "followers": [], "removed": 0, "first": 0}}, {"pk": 2257, "model": "comments.topiccomment", "fields": {"cflaggers": [], "nparent_id": 2255, "ntopic": 1, "nnesting": 50, "followers": [], "removed": 0, "first": 0}}, {"pk": 2256, "model": "comments.topiccomment", "fields": {"cflaggers": [], "nparent_id": 2255, "ntopic": 1, "nnesting": 50, "followers": [], "removed": 0, "first": 0}}, {"pk": 2255, "model": "comments.topiccomment", "fields": {"cflaggers": [], "nparent_id": 0, "ntopic": 1, "nnesting": 10, "followers": [], "removed": 0, "first": 0}}, {"pk": 50, "model": "comments.fcommessage", "fields": {"is_read": 1, "reply": 2683, "recipient": 3, "pub_date": "2010-03-07 09:52:09"}}, {"pk": 49, "model": "comments.fcommessage", "fields": {"is_read": 1, "reply": 2682, "recipient": 3, "pub_date": "2010-03-07 09:51:58"}}, {"pk": 48, "model": "comments.fcommessage", "fields": {"is_read": 1, "reply": 2681, "recipient": 3, "pub_date": "2010-03-07 09:51:33"}}, {"pk": 47, "model": "comments.fcommessage", "fields": {"is_read": 1, "reply": 2680, "recipient": 3, "pub_date": "2010-03-06 09:55:49"}}, {"pk": 46, "model": "comments.fcommessage", "fields": {"is_read": 1, "reply": 2679, "recipient": 3, "pub_date": "2010-03-06 09:55:25"}}, {"pk": 45, "model": "comments.fcommessage", "fields": {"is_read": 1, "reply": 2678, "recipient": 3, "pub_date": "2010-03-06 09:55:19"}}, {"pk": 44, "model": "comments.fcommessage", "fields": {"is_read": 1, "reply": 2677, "recipient": 3, "pub_date": "2010-03-06 09:55:12"}}, {"pk": 43, "model": "comments.fcommessage", "fields": {"is_read": 1, "reply": 2676, "recipient": 3, "pub_date": "2010-03-06 09:55:04"}}, {"pk": 42, "model": "comments.fcommessage", "fields": {"is_read": 1, "reply": 2675, "recipient": 3, "pub_date": "2010-03-06 09:54:55"}}, {"pk": 41, "model": "comments.fcommessage", "fields": {"is_read": 1, "reply": 2674, "recipient": 3, "pub_date": "2010-03-06 09:54:46"}}, {"pk": 40, "model": "comments.fcommessage", "fields": {"is_read": 1, "reply": 2673, "recipient": 3, "pub_date": "2010-03-06 09:54:38"}}, {"pk": 39, "model": "comments.fcommessage", "fields": {"is_read": 1, "reply": 2672, "recipient": 3, "pub_date": "2010-03-06 09:54:31"}}, {"pk": 38, "model": "comments.fcommessage", "fields": {"is_read": 1, "reply": 2671, "recipient": 3, "pub_date": "2010-03-06 09:54:13"}}, {"pk": 37, "model": "comments.fcommessage", "fields": {"is_read": 1, "reply": 2670, "recipient": 3, "pub_date": "2010-03-06 09:54:02"}}, {"pk": 36, "model": "comments.fcommessage", "fields": {"is_read": 1, "reply": 2669, "recipient": 3, "pub_date": "2010-03-06 09:53:47"}}, {"pk": 35, "model": "comments.fcommessage", "fields": {"is_read": 1, "reply": 2668, "recipient": 3, "pub_date": "2010-03-06 09:53:37"}}, {"pk": 34, "model": "comments.fcommessage", "fields": {"is_read": 1, "reply": 2667, "recipient": 3, "pub_date": "2010-03-06 09:53:26"}}, {"pk": 33, "model": "comments.fcommessage", "fields": {"is_read": 1, "reply": 2666, "recipient": 3, "pub_date": "2010-03-06 09:53:17"}}, {"pk": 32, "model": "comments.fcommessage", "fields": {"is_read": 1, "reply": 2665, "recipient": 3, "pub_date": "2010-03-06 09:53:03"}}, {"pk": 31, "model": "comments.fcommessage", "fields": {"is_read": 1, "reply": 2664, "recipient": 3, "pub_date": "2010-03-06 09:52:53"}}, {"pk": 30, "model": "comments.fcommessage", "fields": {"is_read": 1, "reply": 2663, "recipient": 3, "pub_date": "2010-03-06 09:52:50"}}, {"pk": 29, "model": "comments.fcommessage", "fields": {"is_read": 1, "reply": 2662, "recipient": 3, "pub_date": "2010-03-06 09:52:43"}}, {"pk": 28, "model": "comments.fcommessage", "fields": {"is_read": 1, "reply": 2661, "recipient": 3, "pub_date": "2010-03-06 09:52:39"}}, {"pk": 27, "model": "comments.fcommessage", "fields": {"is_read": 1, "reply": 2660, "recipient": 3, "pub_date": "2010-03-06 09:52:33"}}, {"pk": 26, "model": "comments.fcommessage", "fields": {"is_read": 1, "reply": 2659, "recipient": 3, "pub_date": "2010-03-06 09:52:29"}}, {"pk": 25, "model": "comments.fcommessage", "fields": {"is_read": 1, "reply": 2658, "recipient": 3, "pub_date": "2010-03-06 09:52:22"}}, {"pk": 24, "model": "comments.fcommessage", "fields": {"is_read": 1, "reply": 2657, "recipient": 3, "pub_date": "2010-03-06 09:52:17"}}, {"pk": 23, "model": "comments.fcommessage", "fields": {"is_read": 1, "reply": 2656, "recipient": 3, "pub_date": "2010-03-05 19:36:11"}}, {"pk": 22, "model": "comments.fcommessage", "fields": {"is_read": 1, "reply": 2656, "recipient": 1, "pub_date": "2010-03-05 19:36:11"}}, {"pk": 21, "model": "comments.fcommessage", "fields": {"is_read": 1, "reply": 2655, "recipient": 3, "pub_date": "2010-03-05 19:35:59"}}, {"pk": 18, "model": "comments.fcommessage", "fields": {"is_read": 0, "reply": 2654, "recipient": 1, "pub_date": "2010-03-05 19:35:29"}}, {"pk": 20, "model": "comments.fcommessage", "fields": {"is_read": 0, "reply": 2654, "recipient": 12, "pub_date": "2010-03-05 19:35:29"}}, {"pk": 19, "model": "comments.fcommessage", "fields": {"is_read": 1, "reply": 2654, "recipient": 3, "pub_date": "2010-03-05 19:35:29"}}, {"pk": 17, "model": "comments.fcommessage", "fields": {"is_read": 1, "reply": 2653, "recipient": 1, "pub_date": "2010-03-05 06:23:42"}}, {"pk": 16, "model": "comments.fcommessage", "fields": {"is_read": 1, "reply": 2652, "recipient": 1, "pub_date": "2010-03-05 06:23:12"}}, {"pk": 15, "model": "comments.fcommessage", "fields": {"is_read": 1, "reply": 2651, "recipient": 1, "pub_date": "2010-03-05 06:22:01"}}, {"pk": 14, "model": "comments.fcommessage", "fields": {"is_read": 1, "reply": 2650, "recipient": 1, "pub_date": "2010-03-05 06:20:40"}}, {"pk": 12, "model": "comments.fcommessage", "fields": {"is_read": 1, "reply": 2649, "recipient": 1, "pub_date": "2010-03-04 21:34:59"}}, {"pk": 13, "model": "comments.fcommessage", "fields": {"is_read": 0, "reply": 2649, "recipient": 12, "pub_date": "2010-03-04 21:34:59"}}, {"pk": 11, "model": "comments.fcommessage", "fields": {"is_read": 0, "reply": 2648, "recipient": 12, "pub_date": "2010-03-04 21:34:48"}}, {"pk": 10, "model": "comments.fcommessage", "fields": {"is_read": 0, "reply": 2647, "recipient": 12, "pub_date": "2010-03-04 21:09:27"}}, {"pk": 9, "model": "comments.fcommessage", "fields": {"is_read": 1, "reply": 2647, "recipient": 1, "pub_date": "2010-03-04 21:09:27"}}, {"pk": 8, "model": "comments.fcommessage", "fields": {"is_read": 0, "reply": 2646, "recipient": 12, "pub_date": "2010-03-04 21:09:19"}}, {"pk": 7, "model": "comments.fcommessage", "fields": {"is_read": 1, "reply": 2645, "recipient": 12, "pub_date": "2010-03-04 21:03:42"}}, {"pk": 6, "model": "comments.fcommessage", "fields": {"is_read": 1, "reply": 2644, "recipient": 12, "pub_date": "2010-03-04 20:58:03"}}, {"pk": 5, "model": "comments.fcommessage", "fields": {"is_read": 1, "reply": 2642, "recipient": 3, "pub_date": "2010-03-04 18:59:38"}}, {"pk": 4, "model": "comments.fcommessage", "fields": {"is_read": 1, "reply": 2640, "recipient": 3, "pub_date": "2010-03-04 18:36:09"}}, {"pk": 3, "model": "comments.fcommessage", "fields": {"is_read": 1, "reply": 2637, "recipient": 1, "pub_date": "2010-03-04 06:56:15"}}, {"pk": 2, "model": "comments.fcommessage", "fields": {"is_read": 1, "reply": 2636, "recipient": 1, "pub_date": "2010-03-04 06:46:06"}}, {"pk": 1, "model": "comments.fcommessage", "fields": {"is_read": 1, "reply": 2635, "recipient": 1, "pub_date": "2010-03-04 06:28:26"}}, {"pk": 249, "model": "comments.debate", "fields": {"status": 4, "end_date": "2010-01-10 15:25:59", "title": "another", "plaintiff": 3, "incite": 2500, "topic": 53, "score": 2.0, "start_date": "2010-01-02 14:54:38", "defendant": 1}}, {"pk": 248, "model": "comments.debate", "fields": {"status": 3, "end_date": "2010-01-10 15:25:59", "title": "rejoice?", "plaintiff": 7, "incite": 2500, "topic": 53, "score": 2.0, "start_date": "2010-01-02 14:51:55", "defendant": 1}}, {"pk": 252, "model": "comments.debate", "fields": {"status": 5, "end_date": null, "title": "man", "plaintiff": 10, "incite": 2362, "topic": 48, "score": 1.0, "start_date": "2010-01-10 15:31:39", "defendant": 12}}, {"pk": 226, "model": "comments.debate", "fields": {"status": 4, "end_date": "2009-12-04 14:56:43", "title": "More like a comedy!", "plaintiff": 4, "incite": 2302, "topic": 22, "score": 2.6495700000000001e-05, "start_date": "2009-08-08 14:37:32", "defendant": 7}}, {"pk": 227, "model": "comments.debate", "fields": {"status": 4, "end_date": "2009-12-04 14:56:43", "title": "Yikes", "plaintiff": 1, "incite": 2287, "topic": 19, "score": 1.30976e-05, "start_date": "2009-09-03 05:13:53", "defendant": 3}}, {"pk": 246, "model": "comments.debate", "fields": {"status": 3, "end_date": "2010-01-10 14:44:26", "title": "fresh meat", "plaintiff": 7, "incite": 2361, "topic": 48, "score": 1.34581532183828e-06, "start_date": "2009-12-05 16:00:59", "defendant": 12}}, {"pk": 256, "model": "comments.debate", "fields": {"status": 1, "end_date": null, "title": "let's see", "plaintiff": 3, "incite": 2612, "topic": 59, "score": 0.0, "start_date": "2010-03-04 18:35:20", "defendant": 1}}, {"pk": 255, "model": "comments.debate", "fields": {"status": 2, "end_date": null, "title": "Time will tell", "plaintiff": 3, "incite": 2611, "topic": 59, "score": 0.0, "start_date": "2010-02-14 21:59:45", "defendant": 1}}, {"pk": 254, "model": "comments.debate", "fields": {"status": 1, "end_date": null, "title": "Third", "plaintiff": 3, "incite": 2600, "topic": 58, "score": 0.0, "start_date": "2010-02-12 20:48:00", "defendant": 1}}, {"pk": 253, "model": "comments.debate", "fields": {"status": 4, "end_date": "2010-01-15 00:15:43", "title": "nah", "plaintiff": 3, "incite": 2346, "topic": 40, "score": 0.0, "start_date": "2010-01-15 00:14:48", "defendant": 12}}, {"pk": 245, "model": "comments.debate", "fields": {"status": 2, "end_date": null, "title": "let's see", "plaintiff": 1, "incite": 2349, "topic": 47, "score": 0.0, "start_date": "2010-01-10 16:09:23", "defendant": 12}}, {"pk": 250, "model": "comments.debate", "fields": {"status": 6, "end_date": "2010-01-10 14:55:32", "title": "And why not?", "plaintiff": 4, "incite": 2500, "topic": 53, "score": 0.0, "start_date": "2010-01-10 14:55:11", "defendant": 1}}, {"pk": 251, "model": "comments.debate", "fields": {"status": 5, "end_date": "2010-01-10 15:25:59", "title": "wonderful but...", "plaintiff": 4, "incite": 2501, "topic": 53, "score": 0.0, "start_date": "2010-01-02 15:18:03", "defendant": 1}}, {"pk": 244, "model": "comments.debate", "fields": {"status": 5, "end_date": null, "title": "one more thing", "plaintiff": 12, "incite": 2324, "topic": 31, "score": 0.0, "start_date": "2009-12-04 15:53:35", "defendant": 1}}, {"pk": 243, "model": "comments.debate", "fields": {"status": 4, "end_date": "2009-12-04 15:52:09", "title": "man", "plaintiff": 7, "incite": 2347, "topic": 41, "score": 0.0, "start_date": "2009-12-04 15:52:05", "defendant": 12}}, {"pk": 242, "model": "comments.debate", "fields": {"status": 5, "end_date": null, "title": "I guess it's better", "plaintiff": 7, "incite": 2346, "topic": 40, "score": 0.0, "start_date": "2009-12-04 15:50:48", "defendant": 12}}, {"pk": 241, "model": "comments.debate", "fields": {"status": 5, "end_date": null, "title": "new regime indeed", "plaintiff": 7, "incite": 2364, "topic": 50, "score": 0.0, "start_date": "2009-12-04 15:43:38", "defendant": 1}}, {"pk": 240, "model": "comments.debate", "fields": {"status": 5, "end_date": null, "title": "blah", "plaintiff": 12, "incite": 2348, "topic": 43, "score": 0.0, "start_date": "2009-12-04 15:37:02", "defendant": 7}}, {"pk": 239, "model": "comments.debate", "fields": {"status": 5, "end_date": null, "title": "another", "plaintiff": 12, "incite": 2364, "topic": 50, "score": 0.0, "start_date": "2009-12-04 15:33:28", "defendant": 1}}, {"pk": 238, "model": "comments.debate", "fields": {"status": 5, "end_date": null, "title": "A fresh start", "plaintiff": 1, "incite": 2346, "topic": 40, "score": 0.0, "start_date": "2009-11-27 14:57:46", "defendant": 12}}, {"pk": 237, "model": "comments.debate", "fields": {"status": 5, "end_date": null, "title": "bah", "plaintiff": 10, "incite": 2336, "topic": 1, "score": 0.0, "start_date": "2009-11-09 20:12:15", "defendant": 1}}, {"pk": 236, "model": "comments.debate", "fields": {"status": 5, "end_date": "2009-12-04 14:56:43", "title": "But is it enought?", "plaintiff": 10, "incite": 2320, "topic": 29, "score": 0.0, "start_date": "2009-10-24 14:08:02", "defendant": 1}}, {"pk": 235, "model": "comments.debate", "fields": {"status": 5, "end_date": "2009-12-04 14:56:43", "title": "spam", "plaintiff": 10, "incite": 2315, "topic": 24, "score": 0.0, "start_date": "2009-10-24 14:06:51", "defendant": 1}}, {"pk": 234, "model": "comments.debate", "fields": {"status": 5, "end_date": "2009-12-04 14:56:43", "title": "who knows", "plaintiff": 10, "incite": 2323, "topic": 26, "score": 0.0, "start_date": "2009-10-24 14:06:28", "defendant": 1}}, {"pk": 233, "model": "comments.debate", "fields": {"status": 5, "end_date": "2009-12-04 14:56:43", "title": "Villains", "plaintiff": 10, "incite": 2317, "topic": 27, "score": 0.0, "start_date": "2009-10-24 14:06:08", "defendant": 1}}, {"pk": 232, "model": "comments.debate", "fields": {"status": 5, "end_date": "2009-12-04 14:56:43", "title": "tiriing", "plaintiff": 10, "incite": 2318, "topic": 28, "score": 0.0, "start_date": "2009-10-24 14:05:52", "defendant": 1}}, {"pk": 231, "model": "comments.debate", "fields": {"status": 4, "end_date": "2009-11-30 23:52:37", "title": "Stalking", "plaintiff": 10, "incite": 2319, "topic": 29, "score": 0.0, "start_date": "2009-10-24 14:05:22", "defendant": 1}}, {"pk": 230, "model": "comments.debate", "fields": {"status": 5, "end_date": "2009-12-04 14:56:43", "title": "Lame", "plaintiff": 10, "incite": 2322, "topic": 30, "score": 0.0, "start_date": "2009-10-24 14:04:55", "defendant": 1}}, {"pk": 229, "model": "comments.debate", "fields": {"status": 5, "end_date": "2009-12-04 14:56:43", "title": "oh alright", "plaintiff": 10, "incite": 2339, "topic": 36, "score": 0.0, "start_date": "2009-10-22 19:05:39", "defendant": 1}}, {"pk": 228, "model": "comments.debate", "fields": {"status": 5, "end_date": "2009-12-04 14:56:43", "title": "hmmm", "plaintiff": 10, "incite": 2340, "topic": 38, "score": 0.0, "start_date": "2009-10-22 05:34:43", "defendant": 1}}, {"pk": 225, "model": "comments.debate", "fields": {"status": 6, "end_date": null, "title": "Watch your language", "plaintiff": 1, "incite": 2259, "topic": 1, "score": 0.0, "start_date": "2009-07-12 09:43:53", "defendant": 4}}, {"pk": 224, "model": "comments.debate", "fields": {"status": 5, "end_date": null, "title": "So many arguments...", "plaintiff": 7, "incite": 2280, "topic": 7, "score": 0.0, "start_date": "2009-06-21 07:32:43", "defendant": 3}}, {"pk": 223, "model": "comments.debate", "fields": {"status": 6, "end_date": null, "title": "It's about to get wo...", "plaintiff": 1, "incite": 2306, "topic": 21, "score": 0.0, "start_date": "2009-06-21 07:31:32", "defendant": 7}}, {"pk": 222, "model": "comments.debate", "fields": {"status": 5, "end_date": null, "title": "It's time for some n...", "plaintiff": 3, "incite": 2319, "topic": 29, "score": 0.0, "start_date": "2009-06-21 07:26:14", "defendant": 1}}, {"pk": 221, "model": "comments.debate", "fields": {"status": 6, "end_date": null, "title": "Whaaa?...", "plaintiff": 1, "incite": 2298, "topic": 22, "score": 0.0, "start_date": "2009-05-22 13:56:43", "defendant": 7}}, {"pk": 220, "model": "comments.debate", "fields": {"status": 4, "end_date": "2009-05-31 06:52:43", "title": "Maybe, YOU should go...", "plaintiff": 4, "incite": 2318, "topic": 28, "score": 0.0, "start_date": "2009-05-04 17:46:30", "defendant": 1}}, {"pk": 219, "model": "comments.debate", "fields": {"status": 5, "end_date": null, "title": "Quick, start some sh...", "plaintiff": 7, "incite": 2318, "topic": 28, "score": 0.0, "start_date": "2009-04-28 18:56:03", "defendant": 1}}, {"pk": 218, "model": "comments.debate", "fields": {"status": 3, "end_date": "2009-05-30 07:47:42", "title": "Finally, someone to ...", "plaintiff": 1, "incite": 2305, "topic": 21, "score": 0.0, "start_date": "2009-04-17 20:43:13", "defendant": 7}}, {"pk": 217, "model": "comments.debate", "fields": {"status": 5, "end_date": null, "title": "Can you believe it? ...", "plaintiff": 4, "incite": 2277, "topic": 18, "score": 0.0, "start_date": "2009-01-14 20:02:59", "defendant": 3}}, {"pk": 216, "model": "comments.debate", "fields": {"status": 4, "end_date": "2009-01-20 10:41:31", "title": "Oh these arguments? ...", "plaintiff": 1, "incite": 2286, "topic": 19, "score": 0.0, "start_date": "2009-01-12 20:09:45", "defendant": 3}}, {"pk": 215, "model": "comments.debate", "fields": {"status": 5, "end_date": "2009-01-11 08:27:49", "title": "A tie! How very exci...", "plaintiff": 4, "incite": 2280, "topic": 7, "score": 0.0, "start_date": "2009-01-02 11:56:54", "defendant": 3}}, {"pk": 214, "model": "comments.debate", "fields": {"status": 3, "end_date": "2009-01-11 08:27:49", "title": "Defendant wins this ...", "plaintiff": 4, "incite": 2255, "topic": 1, "score": 0.0, "start_date": "2009-01-02 11:56:08", "defendant": 1}}, {"pk": 213, "model": "comments.debate", "fields": {"status": 4, "end_date": "2009-01-11 08:27:49", "title": "Plaintiff wins this ...", "plaintiff": 4, "incite": 2294, "topic": 1, "score": 0.0, "start_date": "2009-01-02 11:55:33", "defendant": 1}}, {"pk": 212, "model": "comments.debate", "fields": {"status": 4, "end_date": "2009-01-10 11:32:08", "title": "The first bit of the...", "plaintiff": 7, "incite": 2282, "topic": 16, "score": 0.0, "start_date": "2008-12-29 20:25:25", "defendant": 3}}, {"pk": 211, "model": "comments.debate", "fields": {"status": 3, "end_date": "2008-12-29 20:15:14", "title": "Having 2 arguments o...", "plaintiff": 3, "incite": 2260, "topic": 1, "score": 0.0, "start_date": "2008-12-21 15:07:29", "defendant": 7}}, {"pk": 210, "model": "comments.debate", "fields": {"status": 3, "end_date": "2008-12-29 20:15:14", "title": "I wish to argue with...", "plaintiff": 3, "incite": 2270, "topic": 1, "score": 0.0, "start_date": "2008-12-11 07:14:38", "defendant": 1}}, {"pk": 209, "model": "comments.debate", "fields": {"status": 3, "end_date": "2008-12-29 20:15:14", "title": "Outrageous....", "plaintiff": 3, "incite": 2269, "topic": 2, "score": 0.0, "start_date": "2008-08-05 05:25:13", "defendant": 1}}, {"pk": 208, "model": "comments.debate", "fields": {"status": 5, "end_date": null, "title": "Hidey ho yourself, W...", "plaintiff": 3, "incite": 2268, "topic": 17, "score": 0.0, "start_date": "2008-08-04 22:55:06", "defendant": 1}}, {"pk": 207, "model": "comments.debate", "fields": {"status": 3, "end_date": "2008-12-29 20:15:14", "title": "There damn well are ...", "plaintiff": 3, "incite": 2257, "topic": 1, "score": 0.0, "start_date": "2008-08-04 22:28:09", "defendant": 4}}, {"pk": 206, "model": "comments.debate", "fields": {"status": 4, "end_date": "2008-07-17 13:43:25", "title": "Why you gotta be tha...", "plaintiff": 3, "incite": 2267, "topic": 12, "score": 0.0, "start_date": "2008-07-09 19:00:47", "defendant": 1}}, {"pk": 205, "model": "comments.debate", "fields": {"status": 3, "end_date": "2008-08-04 22:27:12", "title": "You got enough for m...", "plaintiff": 4, "incite": 2266, "topic": 1, "score": 0.0, "start_date": "2008-07-09 18:37:16", "defendant": 1}}, {"pk": 204, "model": "comments.debate", "fields": {"status": 5, "end_date": null, "title": "fuck you is what's u...", "plaintiff": 4, "incite": 2265, "topic": 16, "score": 0.0, "start_date": "2008-07-08 21:19:19", "defendant": 1}}, {"pk": 203, "model": "comments.debate", "fields": {"status": 4, "end_date": "2008-07-17 13:43:25", "title": "You are not....", "plaintiff": 4, "incite": 2258, "topic": 1, "score": 0.0, "start_date": "2008-07-06 07:27:48", "defendant": 7}}, {"pk": 202, "model": "comments.debate", "fields": {"status": 5, "end_date": null, "title": "extra lines are dumb...", "plaintiff": 9, "incite": 2260, "topic": 1, "score": 0.0, "start_date": "2008-07-05 19:07:28", "defendant": 7}}, {"pk": 201, "model": "comments.debate", "fields": {"status": 6, "end_date": null, "title": "Extra lines are the ...", "plaintiff": 1, "incite": 2260, "topic": 1, "score": 0.0, "start_date": "2008-06-25 18:28:11", "defendant": 7}}, {"pk": 200, "model": "comments.debate", "fields": {"status": 4, "end_date": "2008-07-05 20:43:34", "title": "now it's ON...", "plaintiff": 1, "incite": 2257, "topic": 1, "score": 0.0, "start_date": "2008-06-17 18:45:11", "defendant": 4}}, {"pk": 199, "model": "comments.debate", "fields": {"status": 3, "end_date": "2008-07-05 20:43:34", "title": "right back atcha!...", "plaintiff": 3, "incite": 2255, "topic": 1, "score": 0.0, "start_date": "2008-06-17 18:41:41", "defendant": 1}}, {"pk": 198, "model": "comments.debate", "fields": {"status": 4, "end_date": "2008-06-27 21:40:27", "title": "blah blah blah, I di...", "plaintiff": 1, "incite": 2256, "topic": 1, "score": 0.0, "start_date": "2008-06-17 18:37:15", "defendant": 3}}, {"pk": 2639, "model": "comments.argcomment", "fields": {"ntopic": 59, "debate": 256, "cflaggers": []}}, {"pk": 2629, "model": "comments.argcomment", "fields": {"ntopic": 47, "debate": 245, "cflaggers": []}}, {"pk": 2621, "model": "comments.argcomment", "fields": {"ntopic": 58, "debate": 254, "cflaggers": []}}, {"pk": 2619, "model": "comments.argcomment", "fields": {"ntopic": 59, "debate": 255, "cflaggers": []}}, {"pk": 2617, "model": "comments.argcomment", "fields": {"ntopic": 59, "debate": 256, "cflaggers": []}}, {"pk": 2616, "model": "comments.argcomment", "fields": {"ntopic": 59, "debate": 255, "cflaggers": []}}, {"pk": 2613, "model": "comments.argcomment", "fields": {"ntopic": 59, "debate": 255, "cflaggers": []}}, {"pk": 2601, "model": "comments.argcomment", "fields": {"ntopic": 58, "debate": 254, "cflaggers": []}}, {"pk": 2547, "model": "comments.argcomment", "fields": {"ntopic": 48, "debate": 252, "cflaggers": []}}, {"pk": 2543, "model": "comments.argcomment", "fields": {"ntopic": 40, "debate": 253, "cflaggers": []}}, {"pk": 2541, "model": "comments.argcomment", "fields": {"ntopic": 40, "debate": 253, "cflaggers": []}}, {"pk": 2538, "model": "comments.argcomment", "fields": {"ntopic": 40, "debate": 253, "cflaggers": []}}, {"pk": 2537, "model": "comments.argcomment", "fields": {"ntopic": 47, "debate": 245, "cflaggers": []}}, {"pk": 2535, "model": "comments.argcomment", "fields": {"ntopic": 48, "debate": 252, "cflaggers": []}}, {"pk": 2534, "model": "comments.argcomment", "fields": {"ntopic": 48, "debate": 252, "cflaggers": []}}, {"pk": 2531, "model": "comments.argcomment", "fields": {"ntopic": 48, "debate": 252, "cflaggers": []}}, {"pk": 2522, "model": "comments.argcomment", "fields": {"ntopic": 53, "debate": 251, "cflaggers": []}}, {"pk": 2519, "model": "comments.argcomment", "fields": {"ntopic": 53, "debate": 250, "cflaggers": []}}, {"pk": 2516, "model": "comments.argcomment", "fields": {"ntopic": 53, "debate": 249, "cflaggers": []}}, {"pk": 2513, "model": "comments.argcomment", "fields": {"ntopic": 53, "debate": 248, "cflaggers": []}}, {"pk": 2510, "model": "comments.argcomment", "fields": {"ntopic": 31, "debate": 244, "cflaggers": []}}, {"pk": 2507, "model": "comments.argcomment", "fields": {"ntopic": 31, "debate": 244, "cflaggers": []}}, {"pk": 2504, "model": "comments.argcomment", "fields": {"ntopic": 31, "debate": 244, "cflaggers": []}}, {"pk": 2502, "model": "comments.argcomment", "fields": {"ntopic": 31, "debate": 244, "cflaggers": []}}, {"pk": 2498, "model": "comments.argcomment", "fields": {"ntopic": 48, "debate": 246, "cflaggers": []}}, {"pk": 2497, "model": "comments.argcomment", "fields": {"ntopic": 48, "debate": 246, "cflaggers": []}}, {"pk": 2496, "model": "comments.argcomment", "fields": {"ntopic": 47, "debate": 245, "cflaggers": []}}, {"pk": 2495, "model": "comments.argcomment", "fields": {"ntopic": 31, "debate": 244, "cflaggers": []}}, {"pk": 2494, "model": "comments.argcomment", "fields": {"ntopic": 41, "debate": 243, "cflaggers": []}}, {"pk": 2493, "model": "comments.argcomment", "fields": {"ntopic": 40, "debate": 242, "cflaggers": []}}, {"pk": 2492, "model": "comments.argcomment", "fields": {"ntopic": 40, "debate": 242, "cflaggers": []}}, {"pk": 2491, "model": "comments.argcomment", "fields": {"ntopic": 50, "debate": 241, "cflaggers": []}}, {"pk": 2490, "model": "comments.argcomment", "fields": {"ntopic": 50, "debate": 241, "cflaggers": []}}, {"pk": 2489, "model": "comments.argcomment", "fields": {"ntopic": 50, "debate": 241, "cflaggers": []}}, {"pk": 2488, "model": "comments.argcomment", "fields": {"ntopic": 43, "debate": 240, "cflaggers": []}}, {"pk": 2487, "model": "comments.argcomment", "fields": {"ntopic": 43, "debate": 240, "cflaggers": []}}, {"pk": 2486, "model": "comments.argcomment", "fields": {"ntopic": 50, "debate": 239, "cflaggers": []}}, {"pk": 2485, "model": "comments.argcomment", "fields": {"ntopic": 50, "debate": 239, "cflaggers": []}}, {"pk": 2484, "model": "comments.argcomment", "fields": {"ntopic": 40, "debate": 238, "cflaggers": []}}, {"pk": 2483, "model": "comments.argcomment", "fields": {"ntopic": 40, "debate": 238, "cflaggers": []}}, {"pk": 2482, "model": "comments.argcomment", "fields": {"ntopic": 40, "debate": 238, "cflaggers": []}}, {"pk": 2481, "model": "comments.argcomment", "fields": {"ntopic": 40, "debate": 238, "cflaggers": []}}, {"pk": 2480, "model": "comments.argcomment", "fields": {"ntopic": 40, "debate": 238, "cflaggers": []}}, {"pk": 2479, "model": "comments.argcomment", "fields": {"ntopic": 40, "debate": 238, "cflaggers": []}}, {"pk": 2478, "model": "comments.argcomment", "fields": {"ntopic": 40, "debate": 238, "cflaggers": []}}, {"pk": 2472, "model": "comments.argcomment", "fields": {"ntopic": 27, "debate": 233, "cflaggers": []}}, {"pk": 2471, "model": "comments.argcomment", "fields": {"ntopic": 27, "debate": 233, "cflaggers": []}}, {"pk": 2470, "model": "comments.argcomment", "fields": {"ntopic": 27, "debate": 233, "cflaggers": []}}, {"pk": 2477, "model": "comments.argcomment", "fields": {"ntopic": 1, "debate": 237, "cflaggers": []}}, {"pk": 2476, "model": "comments.argcomment", "fields": {"ntopic": 1, "debate": 237, "cflaggers": []}}, {"pk": 2475, "model": "comments.argcomment", "fields": {"ntopic": 29, "debate": 236, "cflaggers": []}}, {"pk": 2474, "model": "comments.argcomment", "fields": {"ntopic": 24, "debate": 235, "cflaggers": []}}, {"pk": 2473, "model": "comments.argcomment", "fields": {"ntopic": 26, "debate": 234, "cflaggers": []}}, {"pk": 2469, "model": "comments.argcomment", "fields": {"ntopic": 27, "debate": 233, "cflaggers": []}}, {"pk": 2468, "model": "comments.argcomment", "fields": {"ntopic": 28, "debate": 232, "cflaggers": []}}, {"pk": 2467, "model": "comments.argcomment", "fields": {"ntopic": 29, "debate": 231, "cflaggers": []}}, {"pk": 2466, "model": "comments.argcomment", "fields": {"ntopic": 30, "debate": 230, "cflaggers": []}}, {"pk": 2464, "model": "comments.argcomment", "fields": {"ntopic": 38, "debate": 228, "cflaggers": []}}, {"pk": 2465, "model": "comments.argcomment", "fields": {"ntopic": 36, "debate": 229, "cflaggers": []}}, {"pk": 2463, "model": "comments.argcomment", "fields": {"ntopic": 38, "debate": 228, "cflaggers": []}}, {"pk": 2462, "model": "comments.argcomment", "fields": {"ntopic": 38, "debate": 228, "cflaggers": []}}, {"pk": 2461, "model": "comments.argcomment", "fields": {"ntopic": 19, "debate": 227, "cflaggers": []}}, {"pk": 2460, "model": "comments.argcomment", "fields": {"ntopic": 19, "debate": 227, "cflaggers": []}}, {"pk": 2459, "model": "comments.argcomment", "fields": {"ntopic": 19, "debate": 227, "cflaggers": []}}, {"pk": 2458, "model": "comments.argcomment", "fields": {"ntopic": 19, "debate": 227, "cflaggers": []}}, {"pk": 2456, "model": "comments.argcomment", "fields": {"ntopic": 22, "debate": 226, "cflaggers": []}}, {"pk": 2455, "model": "comments.argcomment", "fields": {"ntopic": 22, "debate": 226, "cflaggers": []}}, {"pk": 2457, "model": "comments.argcomment", "fields": {"ntopic": 19, "debate": 227, "cflaggers": []}}, {"pk": 2454, "model": "comments.argcomment", "fields": {"ntopic": 22, "debate": 226, "cflaggers": []}}, {"pk": 2453, "model": "comments.argcomment", "fields": {"ntopic": 22, "debate": 226, "cflaggers": []}}, {"pk": 2452, "model": "comments.argcomment", "fields": {"ntopic": 22, "debate": 226, "cflaggers": []}}, {"pk": 2451, "model": "comments.argcomment", "fields": {"ntopic": 22, "debate": 226, "cflaggers": []}}, {"pk": 2450, "model": "comments.argcomment", "fields": {"ntopic": 1, "debate": 225, "cflaggers": []}}, {"pk": 2446, "model": "comments.argcomment", "fields": {"ntopic": 29, "debate": 222, "cflaggers": []}}, {"pk": 2449, "model": "comments.argcomment", "fields": {"ntopic": 7, "debate": 224, "cflaggers": []}}, {"pk": 2448, "model": "comments.argcomment", "fields": {"ntopic": 7, "debate": 224, "cflaggers": []}}, {"pk": 2447, "model": "comments.argcomment", "fields": {"ntopic": 21, "debate": 223, "cflaggers": []}}, {"pk": 2445, "model": "comments.argcomment", "fields": {"ntopic": 29, "debate": 222, "cflaggers": []}}, {"pk": 2444, "model": "comments.argcomment", "fields": {"ntopic": 29, "debate": 222, "cflaggers": []}}, {"pk": 2430, "model": "comments.argcomment", "fields": {"ntopic": 18, "debate": 217, "cflaggers": []}}, {"pk": 2429, "model": "comments.argcomment", "fields": {"ntopic": 18, "debate": 217, "cflaggers": []}}, {"pk": 2428, "model": "comments.argcomment", "fields": {"ntopic": 18, "debate": 217, "cflaggers": []}}, {"pk": 2427, "model": "comments.argcomment", "fields": {"ntopic": 18, "debate": 217, "cflaggers": []}}, {"pk": 2426, "model": "comments.argcomment", "fields": {"ntopic": 18, "debate": 217, "cflaggers": []}}, {"pk": 2425, "model": "comments.argcomment", "fields": {"ntopic": 18, "debate": 217, "cflaggers": []}}, {"pk": 2424, "model": "comments.argcomment", "fields": {"ntopic": 18, "debate": 217, "cflaggers": []}}, {"pk": 2441, "model": "comments.argcomment", "fields": {"ntopic": 28, "debate": 219, "cflaggers": []}}, {"pk": 2440, "model": "comments.argcomment", "fields": {"ntopic": 28, "debate": 219, "cflaggers": []}}, {"pk": 2439, "model": "comments.argcomment", "fields": {"ntopic": 28, "debate": 219, "cflaggers": []}}, {"pk": 2438, "model": "comments.argcomment", "fields": {"ntopic": 28, "debate": 219, "cflaggers": []}}, {"pk": 2437, "model": "comments.argcomment", "fields": {"ntopic": 28, "debate": 219, "cflaggers": []}}, {"pk": 2436, "model": "comments.argcomment", "fields": {"ntopic": 28, "debate": 219, "cflaggers": []}}, {"pk": 2435, "model": "comments.argcomment", "fields": {"ntopic": 28, "debate": 219, "cflaggers": []}}, {"pk": 2443, "model": "comments.argcomment", "fields": {"ntopic": 22, "debate": 221, "cflaggers": []}}, {"pk": 2423, "model": "comments.argcomment", "fields": {"ntopic": 18, "debate": 217, "cflaggers": []}}, {"pk": 2442, "model": "comments.argcomment", "fields": {"ntopic": 28, "debate": 220, "cflaggers": []}}, {"pk": 2434, "model": "comments.argcomment", "fields": {"ntopic": 28, "debate": 219, "cflaggers": []}}, {"pk": 2433, "model": "comments.argcomment", "fields": {"ntopic": 28, "debate": 219, "cflaggers": []}}, {"pk": 2432, "model": "comments.argcomment", "fields": {"ntopic": 21, "debate": 218, "cflaggers": []}}, {"pk": 2431, "model": "comments.argcomment", "fields": {"ntopic": 21, "debate": 218, "cflaggers": []}}, {"pk": 2422, "model": "comments.argcomment", "fields": {"ntopic": 18, "debate": 217, "cflaggers": []}}, {"pk": 2421, "model": "comments.argcomment", "fields": {"ntopic": 18, "debate": 217, "cflaggers": []}}, {"pk": 2417, "model": "comments.argcomment", "fields": {"ntopic": 19, "debate": 216, "cflaggers": []}}, {"pk": 2416, "model": "comments.argcomment", "fields": {"ntopic": 19, "debate": 216, "cflaggers": []}}, {"pk": 2420, "model": "comments.argcomment", "fields": {"ntopic": 18, "debate": 217, "cflaggers": []}}, {"pk": 2419, "model": "comments.argcomment", "fields": {"ntopic": 18, "debate": 217, "cflaggers": []}}, {"pk": 2418, "model": "comments.argcomment", "fields": {"ntopic": 18, "debate": 217, "cflaggers": []}}, {"pk": 2415, "model": "comments.argcomment", "fields": {"ntopic": 19, "debate": 216, "cflaggers": []}}, {"pk": 2414, "model": "comments.argcomment", "fields": {"ntopic": 19, "debate": 216, "cflaggers": []}}, {"pk": 2407, "model": "comments.argcomment", "fields": {"ntopic": 1, "debate": 213, "cflaggers": []}}, {"pk": 2410, "model": "comments.argcomment", "fields": {"ntopic": 1, "debate": 214, "cflaggers": []}}, {"pk": 2413, "model": "comments.argcomment", "fields": {"ntopic": 7, "debate": 215, "cflaggers": []}}, {"pk": 2412, "model": "comments.argcomment", "fields": {"ntopic": 7, "debate": 215, "cflaggers": []}}, {"pk": 2409, "model": "comments.argcomment", "fields": {"ntopic": 1, "debate": 214, "cflaggers": []}}, {"pk": 2406, "model": "comments.argcomment", "fields": {"ntopic": 1, "debate": 213, "cflaggers": []}}, {"pk": 2411, "model": "comments.argcomment", "fields": {"ntopic": 7, "debate": 215, "cflaggers": []}}, {"pk": 2408, "model": "comments.argcomment", "fields": {"ntopic": 1, "debate": 214, "cflaggers": []}}, {"pk": 2405, "model": "comments.argcomment", "fields": {"ntopic": 1, "debate": 213, "cflaggers": []}}, {"pk": 2404, "model": "comments.argcomment", "fields": {"ntopic": 16, "debate": 212, "cflaggers": []}}, {"pk": 2403, "model": "comments.argcomment", "fields": {"ntopic": 16, "debate": 212, "cflaggers": []}}, {"pk": 2402, "model": "comments.argcomment", "fields": {"ntopic": 1, "debate": 211, "cflaggers": []}}, {"pk": 2401, "model": "comments.argcomment", "fields": {"ntopic": 1, "debate": 211, "cflaggers": []}}, {"pk": 2398, "model": "comments.argcomment", "fields": {"ntopic": 2, "debate": 209, "cflaggers": []}}, {"pk": 2400, "model": "comments.argcomment", "fields": {"ntopic": 1, "debate": 210, "cflaggers": []}}, {"pk": 2399, "model": "comments.argcomment", "fields": {"ntopic": 1, "debate": 210, "cflaggers": []}}, {"pk": 2393, "model": "comments.argcomment", "fields": {"ntopic": 1, "debate": 207, "cflaggers": []}}, {"pk": 2397, "model": "comments.argcomment", "fields": {"ntopic": 2, "debate": 209, "cflaggers": []}}, {"pk": 2392, "model": "comments.argcomment", "fields": {"ntopic": 1, "debate": 207, "cflaggers": []}}, {"pk": 2396, "model": "comments.argcomment", "fields": {"ntopic": 17, "debate": 208, "cflaggers": []}}, {"pk": 2395, "model": "comments.argcomment", "fields": {"ntopic": 17, "debate": 208, "cflaggers": []}}, {"pk": 2394, "model": "comments.argcomment", "fields": {"ntopic": 17, "debate": 208, "cflaggers": []}}, {"pk": 2391, "model": "comments.argcomment", "fields": {"ntopic": 1, "debate": 207, "cflaggers": []}}, {"pk": 2390, "model": "comments.argcomment", "fields": {"ntopic": 1, "debate": 207, "cflaggers": []}}, {"pk": 2386, "model": "comments.argcomment", "fields": {"ntopic": 1, "debate": 205, "cflaggers": []}}, {"pk": 2389, "model": "comments.argcomment", "fields": {"ntopic": 12, "debate": 206, "cflaggers": []}}, {"pk": 2388, "model": "comments.argcomment", "fields": {"ntopic": 12, "debate": 206, "cflaggers": []}}, {"pk": 2387, "model": "comments.argcomment", "fields": {"ntopic": 12, "debate": 206, "cflaggers": []}}, {"pk": 2385, "model": "comments.argcomment", "fields": {"ntopic": 1, "debate": 205, "cflaggers": []}}, {"pk": 2384, "model": "comments.argcomment", "fields": {"ntopic": 16, "debate": 204, "cflaggers": []}}, {"pk": 2383, "model": "comments.argcomment", "fields": {"ntopic": 16, "debate": 204, "cflaggers": []}}, {"pk": 2382, "model": "comments.argcomment", "fields": {"ntopic": 16, "debate": 204, "cflaggers": []}}, {"pk": 2381, "model": "comments.argcomment", "fields": {"ntopic": 16, "debate": 204, "cflaggers": []}}, {"pk": 2380, "model": "comments.argcomment", "fields": {"ntopic": 1, "debate": 203, "cflaggers": []}}, {"pk": 2379, "model": "comments.argcomment", "fields": {"ntopic": 1, "debate": 203, "cflaggers": []}}, {"pk": 2377, "model": "comments.argcomment", "fields": {"ntopic": 1, "debate": 202, "cflaggers": []}}, {"pk": 2376, "model": "comments.argcomment", "fields": {"ntopic": 1, "debate": 202, "cflaggers": []}}, {"pk": 2378, "model": "comments.argcomment", "fields": {"ntopic": 1, "debate": 203, "cflaggers": []}}, {"pk": 2375, "model": "comments.argcomment", "fields": {"ntopic": 1, "debate": 202, "cflaggers": []}}, {"pk": 2374, "model": "comments.argcomment", "fields": {"ntopic": 1, "debate": 201, "cflaggers": []}}, {"pk": 2372, "model": "comments.argcomment", "fields": {"ntopic": 1, "debate": 199, "cflaggers": []}}, {"pk": 2370, "model": "comments.argcomment", "fields": {"ntopic": 1, "debate": 198, "cflaggers": []}}, {"pk": 2369, "model": "comments.argcomment", "fields": {"ntopic": 1, "debate": 198, "cflaggers": []}}, {"pk": 2373, "model": "comments.argcomment", "fields": {"ntopic": 1, "debate": 200, "cflaggers": []}}, {"pk": 2371, "model": "comments.argcomment", "fields": {"ntopic": 1, "debate": 199, "cflaggers": []}}, {"pk": 2368, "model": "comments.argcomment", "fields": {"ntopic": 1, "debate": 198, "cflaggers": []}}, {"pk": 76, "model": "comments.nvote", "fields": {"voted_for": "D", "voter": 3, "argument": 212}}, {"pk": 77, "model": "comments.nvote", "fields": {"voted_for": "P", "voter": 1, "argument": 212}}, {"pk": 78, "model": "comments.nvote", "fields": {"voted_for": "P", "voter": 1, "argument": 213}}, {"pk": 79, "model": "comments.nvote", "fields": {"voted_for": "D", "voter": 1, "argument": 214}}, {"pk": 80, "model": "comments.nvote", "fields": {"voted_for": "D", "voter": 3, "argument": 215}}, {"pk": 81, "model": "comments.nvote", "fields": {"voted_for": "P", "voter": 3, "argument": 216}}, {"pk": 82, "model": "comments.nvote", "fields": {"voted_for": "P", "voter": 1, "argument": 216}}, {"pk": 83, "model": "comments.nvote", "fields": {"voted_for": "P", "voter": 4, "argument": 216}}, {"pk": 84, "model": "comments.nvote", "fields": {"voted_for": "D", "voter": 7, "argument": 216}}, {"pk": 85, "model": "comments.nvote", "fields": {"voted_for": "P", "voter": 4, "argument": 215}}, {"pk": 86, "model": "comments.nvote", "fields": {"voted_for": "D", "voter": 3, "argument": 217}}, {"pk": 87, "model": "comments.nvote", "fields": {"voted_for": "P", "voter": 1, "argument": 217}}, {"pk": 88, "model": "comments.nvote", "fields": {"voted_for": "P", "voter": 4, "argument": 217}}, {"pk": 89, "model": "comments.nvote", "fields": {"voted_for": "P", "voter": 7, "argument": 217}}, {"pk": 90, "model": "comments.nvote", "fields": {"voted_for": "P", "voter": 1, "argument": 218}}, {"pk": 91, "model": "comments.nvote", "fields": {"voted_for": "D", "voter": 4, "argument": 218}}, {"pk": 92, "model": "comments.nvote", "fields": {"voted_for": "D", "voter": 7, "argument": 218}}, {"pk": 93, "model": "comments.nvote", "fields": {"voted_for": "D", "voter": 1, "argument": 219}}, {"pk": 94, "model": "comments.nvote", "fields": {"voted_for": "P", "voter": 3, "argument": 218}}, {"pk": 95, "model": "comments.nvote", "fields": {"voted_for": "D", "voter": 3, "argument": 219}}, {"pk": 96, "model": "comments.nvote", "fields": {"voted_for": "P", "voter": 3, "argument": 226}}, {"pk": 97, "model": "comments.nvote", "fields": {"voted_for": "D", "voter": 1, "argument": 226}}, {"pk": 98, "model": "comments.nvote", "fields": {"voted_for": "P", "voter": 10, "argument": 227}}, {"pk": 99, "model": "comments.nvote", "fields": {"voted_for": "P", "voter": 10, "argument": 226}}, {"pk": 100, "model": "comments.nvote", "fields": {"voted_for": "P", "voter": 13, "argument": 246}}, {"pk": 103, "model": "comments.nvote", "fields": {"voted_for": "P", "voter": 4, "argument": 249}}, {"pk": 104, "model": "comments.nvote", "fields": {"voted_for": "D", "voter": 4, "argument": 248}}, {"pk": 105, "model": "comments.nvote", "fields": {"voted_for": "P", "voter": 10, "argument": 249}}, {"pk": 107, "model": "comments.nvote", "fields": {"voted_for": "D", "voter": 10, "argument": 248}}, {"pk": 108, "model": "comments.nvote", "fields": {"voted_for": "P", "voter": 3, "argument": 252}}, {"pk": 1, "model": "comments.draw", "fields": {"recipient": 3, "argument": 254, "offeror": 1, "offer_date": "2010-02-18 20:11:23"}}, {"pk": 2, "model": "comments.draw", "fields": {"recipient": 12, "argument": 245, "offeror": 1, "offer_date": "2010-02-24 18:23:52"}}, {"pk": 1, "model": "profiles.profile", "fields": {"feeddebs": 1, "mailok": 0, "tags": "generic,test,unoriginal,rss,funny,ok,tag1,awesome,motivators,running out\r\n8,7,4,4,1,1,1,1,1,1", "newwin": 1, "followcoms": 1, "rate": 0, "score": 10, "feedtops": 1, "user": 1, "feedcoms": 1, "last_post": "2010-03-05 06:23:42", "followtops": 1}}, {"pk": 2, "model": "profiles.profile", "fields": {"feeddebs": 0, "mailok": 0, "tags": "knots,useful,more tags,can't think of enough,education,movie,tricksy,french,may&be,yes!,first,let's go,#9,ok now,@me,dollar$,why?,last,100%,bad_idea,halloween,salary\r,antifirst,what?,ttag\n5,5,5,5,5,5,5,5,3,3,3,2,2,2,2,2,2,2,2,2,1,1,1,1,1", "newwin": 0, "followcoms": 1, "rate": 0, "score": 4, "feedtops": 0, "user": 3, "feedcoms": 0, "last_post": "2010-03-07 09:52:09", "followtops": 1}}, {"pk": 3, "model": "profiles.profile", "fields": {"feeddebs": 0, "mailok": 0, "tags": "blah2,blah3,blah1,blah4,corp,green,technology\n5,5,5,5,5,5,5", "newwin": 0, "followcoms": 0, "rate": 0, "score": 5, "feedtops": 0, "user": 4, "feedcoms": 0, "last_post": null, "followtops": 0}}, {"pk": 4, "model": "profiles.profile", "fields": {"feeddebs": 0, "mailok": 0, "tags": "grad school,antimatter,lightning,test,education,celebration\n1,1,1,1,1,1", "newwin": 0, "followcoms": 0, "rate": 0, "score": 4, "feedtops": 0, "user": 7, "feedcoms": 0, "last_post": null, "followtops": 0}}, {"pk": 5, "model": "profiles.profile", "fields": {"feeddebs": 0, "mailok": 0, "tags": "", "newwin": 0, "followcoms": 0, "rate": 0, "score": 0, "feedtops": 0, "user": 8, "feedcoms": 0, "last_post": null, "followtops": 0}}, {"pk": 6, "model": "profiles.profile", "fields": {"feeddebs": 0, "mailok": 0, "tags": "", "newwin": 0, "followcoms": 0, "rate": 0, "score": 0, "feedtops": 0, "user": 9, "feedcoms": 0, "last_post": null, "followtops": 0}}, {"pk": 7, "model": "profiles.profile", "fields": {"feeddebs": 0, "mailok": 0, "tags": "test\n1", "newwin": 1, "followcoms": 0, "rate": 0, "score": 1, "feedtops": 0, "user": 10, "feedcoms": 0, "last_post": null, "followtops": 0}}, {"pk": 8, "model": "profiles.profile", "fields": {"feeddebs": 0, "mailok": 0, "tags": "", "newwin": 0, "followcoms": 0, "rate": 0, "score": 0, "feedtops": 0, "user": 11, "feedcoms": 0, "last_post": null, "followtops": 0}}, {"pk": 9, "model": "profiles.profile", "fields": {"feeddebs": 0, "mailok": 0, "tags": "test,generic,length,knots,bars,battery,halloween,costume,education,odd,no,movie,renewable power,pets,dogs,europe,lonely,french,corp,here,wtf,rss,salary,career,boring,economics,greenspun,green,nonprofit,comment,useful,pirates,money,unoriginal,blog,somalia,finance,harvard,post\n17,10,4,2,2,2,2,2,2,2,2,2,2,2,2,2,2,2,2,2,2,2,2,2,2,2,2,2,2,1,1,1,1,1,1,1,1,1,1", "newwin": 0, "followcoms": 0, "rate": 0, "score": 1, "feedtops": 0, "user": 12, "feedcoms": 0, "last_post": "2010-03-04 21:03:42", "followtops": 0}}, {"pk": 10, "model": "profiles.profile", "fields": {"feeddebs": 0, "mailok": 0, "tags": "", "newwin": 1, "followcoms": 0, "rate": 0, "score": 0, "feedtops": 0, "user": 13, "feedcoms": 0, "last_post": null, "followtops": 0}}, {"pk": 11, "model": "profiles.profile", "fields": {"feeddebs": 0, "mailok": 0, "tags": "", "newwin": 0, "followcoms": 0, "rate": 0, "score": 0, "feedtops": 0, "user": 14, "feedcoms": 0, "last_post": "2010-02-07 14:50:08", "followtops": 0}}, {"pk": 1, "model": "blog.blog", "fields": {"author": 1, "title": "That's Debatable", "altfeedurl": "", "about_html": "<p>All things GreaterDebater, and some other things as well.\n</p>", "about_txt": "All things GreaterDebater, and some other things as well.", "tagline_txt": "The Official GreaterDebater Blog", "start_date": "2010-01-24 11:32:15"}}, {"pk": 3, "model": "blog.post", "fields": {"created": "2010-01-25 11:47:29", "title": "post the third", "blog": 1, "html": "<p>some text\n</p>", "draft": 0, "txt": "some text", "pub_date": "2010-01-25 12:00:00", "tags": "post the third"}}, {"pk": 6, "model": "blog.post", "fields": {"created": "2010-01-26 20:22:56", "title": "sometitle", "blog": 1, "html": "<p>different text\n</p>\n<p>with some more text later on. A truly robust post to be sure. Well done indeed.\n</p>", "draft": 0, "txt": "different text\n\nwith some more text later on. A truly robust post to be sure. Well done indeed.", "pub_date": "2010-01-28 07:01:19", "tags": "test"}}, {"pk": 7, "model": "blog.post", "fields": {"created": "2010-01-26 20:28:37", "title": "Titled post", "blog": 1, "html": "<p>Got to save those changes before you publish, dawg.\n</p>", "draft": 0, "txt": "Got to save those changes before you publish, dawg.", "pub_date": "2010-01-28 07:08:18", "tags": "test"}}, {"pk": 8, "model": "blog.post", "fields": {"created": "2010-01-26 20:38:24", "title": "goddamn", "blog": 1, "html": "<p>I mean god damn\n</p>", "draft": 1, "txt": "I mean god damn", "pub_date": null, "tags": "test"}}, {"pk": 9, "model": "blog.post", "fields": {"created": "2010-01-26 20:49:23", "title": "phew", "blog": 1, "html": "<p>that was dumb\n</p>", "draft": 1, "txt": "that was dumb", "pub_date": null, "tags": "test"}}, {"pk": 10, "model": "blog.post", "fields": {"created": "2010-01-27 06:25:32", "title": "What a day", "blog": 1, "html": "<p>A lovely post I say\n</p>", "draft": 1, "txt": "A lovely post I say", "pub_date": null, "tags": "test"}}, {"pk": 11, "model": "blog.post", "fields": {"created": "2010-01-31 14:47:10", "title": "Markdown", "blog": 1, "html": "<p>It's not too late.\n</p>\n<p>one line<br />\ntwo lines\n</p>\n<hr />\n\n<ul>\n <li>\n     UL one\n </li>\n\n <li>\n     UL two\n </li>\n\n <li>\n     UL three\n </li>\n</ul>\n<hr />\n\n<ol>\n <li>\n     one\n </li>\n\n <li>\n     two\n </li>\n\n <li>\n     three\n </li>\n</ol>\n<p><em>italics</em> <strong>bold</strong>\n</p>\n<p><a href=\"http://www.mcdonalds.com\">McLink</a>\n</p>\n<p><a rel=\"nofollow\" href=\"http://www.washingtonpost.com/wp-dyn/content/article/2010/01/29/AR2010012902504.html\">http://www.washingtonpost.com/wp-dyn/content/article/2010/01/29/AR2010012902504.html</a>\n</p>\n<p>Let's add some code:\n</p>\n<pre><code>&gt;&gt;&gt; \"%s%s%s\" % (str1, str2, str3)\n'abcdefghi'\n</code></pre><p>That oughta do.\n</p>", "draft": 0, "txt": "It's not too late.\n\none line  \ntwo lines\n\n***\n\n* UL one\n* UL two\n* UL three\n\n***\n\n1. one\n2. two\n3. three\n\n*italics* **bold**\n\n[McLink](http://www.mcdonalds.com)\n\nhttp://www.washingtonpost.com/wp-dyn/content/article/2010/01/29/AR2010012902504.html\n\nLet's add some code:\n\n    >>> \"%s%s%s\" % (str1, str2, str3)\n    'abcdefghi'\n\nThat oughta do.", "pub_date": "2010-02-04 19:48:16", "tags": ""}}, {"pk": 12, "model": "blog.post", "fields": {"created": "2010-02-05 18:18:15", "title": "A better way", "blog": 1, "html": "<p>More separation.\n</p>", "draft": 1, "txt": "More separation.", "pub_date": null, "tags": ""}}, {"pk": 13, "model": "blog.post", "fields": {"created": "2010-02-05 19:01:51", "title": "Flawless", "blog": 1, "html": "<p>This time with gusto\n</p>\n<p>hmm, html\n</p>\n<p><a href=\"http://www.amazon.com/gp/redirect.html?ie=UTF8&location=http%3A%2F%2Fwww.amazon.com%2Fs%3Fie%3DUTF8%26x%3D0%26ref_%3Dnb%5Fsb%5Fss%5Fi%5F0%5F4%26y%3D0%26field-keywords%3Dtelevision%26url%3Dsearch-alias%253Delectronics%26sprefix%3Dtele&tag=greater0c-20&linkCode=ur2&camp=1789&creative=390957\">screen that displays advertisements</a><img src=\"https://www.assoc-amazon.com/e/ir?t=greater0c-20&l=ur2&o=1\" width=\"1\" height=\"1\" border=\"0\" alt=\"\" style=\"border:none !important; margin:0px !important;\" />\n</p>", "draft": 1, "txt": "This time with gusto\n\nhmm, html\n\n<a href=\"http://www.amazon.com/gp/redirect.html?ie=UTF8&location=http%3A%2F%2Fwww.amazon.com%2Fs%3Fie%3DUTF8%26x%3D0%26ref_%3Dnb%5Fsb%5Fss%5Fi%5F0%5F4%26y%3D0%26field-keywords%3Dtelevision%26url%3Dsearch-alias%253Delectronics%26sprefix%3Dtele&tag=greater0c-20&linkCode=ur2&camp=1789&creative=390957\">screen that displays advertisements</a><img src=\"https://www.assoc-amazon.com/e/ir?t=greater0c-20&l=ur2&o=1\" width=\"1\" height=\"1\" border=\"0\" alt=\"\" style=\"border:none !important; margin:0px !important;\" />", "pub_date": null, "tags": ""}}, {"pk": 2597, "model": "blog.postcomment", "fields": {"blog": 1, "nnesting": 0, "post": 11, "nparent_id": 0, "cflaggers": []}}, {"pk": 2596, "model": "blog.postcomment", "fields": {"blog": 1, "nnesting": 0, "post": 11, "nparent_id": 0, "cflaggers": []}}, {"pk": 2595, "model": "blog.postcomment", "fields": {"blog": 1, "nnesting": 0, "post": 11, "nparent_id": 0, "cflaggers": []}}, {"pk": 2594, "model": "blog.postcomment", "fields": {"blog": 1, "nnesting": 0, "post": 11, "nparent_id": 0, "cflaggers": []}}, {"pk": 2593, "model": "blog.postcomment", "fields": {"blog": 1, "nnesting": 0, "post": 11, "nparent_id": 0, "cflaggers": []}}, {"pk": 2589, "model": "blog.postcomment", "fields": {"blog": 1, "nnesting": 0, "post": 7, "nparent_id": 0, "cflaggers": []}}, {"pk": 2588, "model": "blog.postcomment", "fields": {"blog": 1, "nnesting": 0, "post": 7, "nparent_id": 0, "cflaggers": []}}, {"pk": 2587, "model": "blog.postcomment", "fields": {"blog": 1, "nnesting": 0, "post": 7, "nparent_id": 0, "cflaggers": []}}, {"pk": 2558, "model": "blog.postcomment", "fields": {"blog": 1, "nnesting": 0, "post": 6, "nparent_id": 0, "cflaggers": []}}, {"pk": 2557, "model": "blog.postcomment", "fields": {"blog": 1, "nnesting": 0, "post": 7, "nparent_id": 0, "cflaggers": []}}, {"pk": 2556, "model": "blog.postcomment", "fields": {"blog": 1, "nnesting": 0, "post": 7, "nparent_id": 0, "cflaggers": []}}, {"pk": 2555, "model": "blog.postcomment", "fields": {"blog": 1, "nnesting": 0, "post": 7, "nparent_id": 0, "cflaggers": []}}, {"pk": 2554, "model": "blog.postcomment", "fields": {"blog": 1, "nnesting": 0, "post": 7, "nparent_id": 0, "cflaggers": []}}, {"pk": 2553, "model": "blog.postcomment", "fields": {"blog": 1, "nnesting": 0, "post": 7, "nparent_id": 0, "cflaggers": []}}, {"pk": 2552, "model": "blog.postcomment", "fields": {"blog": 1, "nnesting": 0, "post": 7, "nparent_id": 0, "cflaggers": []}}, {"pk": 22, "model": "auth.permission", "fields": {"codename": "add_logentry", "name": "Can add log entry", "content_type": 8}}, {"pk": 23, "model": "auth.permission", "fields": {"codename": "change_logentry", "name": "Can change log entry", "content_type": 8}}, {"pk": 24, "model": "auth.permission", "fields": {"codename": "delete_logentry", "name": "Can delete log entry", "content_type": 8}}, {"pk": 4, "model": "auth.permission", "fields": {"codename": "add_group", "name": "Can add group", "content_type": 2}}, {"pk": 5, "model": "auth.permission", "fields": {"codename": "change_group", "name": "Can change group", "content_type": 2}}, {"pk": 6, "model": "auth.permission", "fields": {"codename": "delete_group", "name": "Can delete group", "content_type": 2}}, {"pk": 1, "model": "auth.permission", "fields": {"codename": "add_message", "name": "Can add message", "content_type": 1}}, {"pk": 2, "model": "auth.permission", "fields": {"codename": "change_message", "name": "Can change message", "content_type": 1}}, {"pk": 3, "model": "auth.permission", "fields": {"codename": "delete_message", "name": "Can delete message", "content_type": 1}}, {"pk": 10, "model": "auth.permission", "fields": {"codename": "add_permission", "name": "Can add permission", "content_type": 4}}, {"pk": 11, "model": "auth.permission", "fields": {"codename": "change_permission", "name": "Can change permission", "content_type": 4}}, {"pk": 12, "model": "auth.permission", "fields": {"codename": "delete_permission", "name": "Can delete permission", "content_type": 4}}, {"pk": 7, "model": "auth.permission", "fields": {"codename": "add_user", "name": "Can add user", "content_type": 3}}, {"pk": 8, "model": "auth.permission", "fields": {"codename": "change_user", "name": "Can change user", "content_type": 3}}, {"pk": 9, "model": "auth.permission", "fields": {"codename": "delete_user", "name": "Can delete user", "content_type": 3}}, {"pk": 76, "model": "auth.permission", "fields": {"codename": "add_blog", "name": "Can add blog", "content_type": 26}}, {"pk": 77, "model": "auth.permission", "fields": {"codename": "change_blog", "name": "Can change blog", "content_type": 26}}, {"pk": 78, "model": "auth.permission", "fields": {"codename": "delete_blog", "name": "Can delete blog", "content_type": 26}}, {"pk": 79, "model": "auth.permission", "fields": {"codename": "add_post", "name": "Can add post", "content_type": 27}}, {"pk": 80, "model": "auth.permission", "fields": {"codename": "change_post", "name": "Can change post", "content_type": 27}}, {"pk": 81, "model": "auth.permission", "fields": {"codename": "delete_post", "name": "Can delete post", "content_type": 27}}, {"pk": 82, "model": "auth.permission", "fields": {"codename": "add_postcomment", "name": "Can add post comment", "content_type": 28}}, {"pk": 83, "model": "auth.permission", "fields": {"codename": "change_postcomment", "name": "Can change post comment", "content_type": 28}}, {"pk": 84, "model": "auth.permission", "fields": {"codename": "delete_postcomment", "name": "Can delete post comment", "content_type": 28}}, {"pk": 70, "model": "auth.permission", "fields": {"codename": "add_argcomment", "name": "Can add arg comment", "content_type": 24}}, {"pk": 71, "model": "auth.permission", "fields": {"codename": "change_argcomment", "name": "Can change arg comment", "content_type": 24}}, {"pk": 72, "model": "auth.permission", "fields": {"codename": "delete_argcomment", "name": "Can delete arg comment", "content_type": 24}}, {"pk": 31, "model": "auth.permission", "fields": {"codename": "add_comment", "name": "Can add comment", "content_type": 11}}, {"pk": 32, "model": "auth.permission", "fields": {"codename": "change_comment", "name": "Can change comment", "content_type": 11}}, {"pk": 33, "model": "auth.permission", "fields": {"codename": "delete_comment", "name": "Can delete comment", "content_type": 11}}, {"pk": 67, "model": "auth.permission", "fields": {"codename": "add_debate", "name": "Can add debate", "content_type": 23}}, {"pk": 68, "model": "auth.permission", "fields": {"codename": "change_debate", "name": "Can change debate", "content_type": 23}}, {"pk": 69, "model": "auth.permission", "fields": {"codename": "delete_debate", "name": "Can delete debate", "content_type": 23}}, {"pk": 43, "model": "auth.permission", "fields": {"codename": "add_draw", "name": "Can add draw", "content_type": 15}}, {"pk": 44, "model": "auth.permission", "fields": {"codename": "change_draw", "name": "Can change draw", "content_type": 15}}, {"pk": 45, "model": "auth.permission", "fields": {"codename": "delete_draw", "name": "Can delete draw", "content_type": 15}}, {"pk": 85, "model": "auth.permission", "fields": {"codename": "add_fcommessage", "name": "Can add fcom message", "content_type": 29}}, {"pk": 86, "model": "auth.permission", "fields": {"codename": "change_fcommessage", "name": "Can change fcom message", "content_type": 29}}, {"pk": 87, "model": "auth.permission", "fields": {"codename": "delete_fcommessage", "name": "Can delete fcom message", "content_type": 29}}, {"pk": 73, "model": "auth.permission", "fields": {"codename": "add_nvote", "name": "Can add n vote", "content_type": 25}}, {"pk": 74, "model": "auth.permission", "fields": {"codename": "change_nvote", "name": "Can change n vote", "content_type": 25}}, {"pk": 75, "model": "auth.permission", "fields": {"codename": "delete_nvote", "name": "Can delete n vote", "content_type": 25}}, {"pk": 40, "model": "auth.permission", "fields": {"codename": "add_tcdmessage", "name": "Can add tcd message", "content_type": 14}}, {"pk": 41, "model": "auth.permission", "fields": {"codename": "change_tcdmessage", "name": "Can change tcd message", "content_type": 14}}, {"pk": 42, "model": "auth.permission", "fields": {"codename": "delete_tcdmessage", "name": "Can delete tcd message", "content_type": 14}}, {"pk": 64, "model": "auth.permission", "fields": {"codename": "add_topiccomment", "name": "Can add topic comment", "content_type": 22}}, {"pk": 65, "model": "auth.permission", "fields": {"codename": "change_topiccomment", "name": "Can change topic comment", "content_type": 22}}, {"pk": 66, "model": "auth.permission", "fields": {"codename": "delete_topiccomment", "name": "Can delete topic comment", "content_type": 22}}, {"pk": 13, "model": "auth.permission", "fields": {"codename": "add_contenttype", "name": "Can add content type", "content_type": 5}}, {"pk": 14, "model": "auth.permission", "fields": {"codename": "change_contenttype", "name": "Can change content type", "content_type": 5}}, {"pk": 15, "model": "auth.permission", "fields": {"codename": "delete_contenttype", "name": "Can delete content type", "content_type": 5}}, {"pk": 46, "model": "auth.permission", "fields": {"codename": "add_logitem", "name": "Can add log item", "content_type": 16}}, {"pk": 47, "model": "auth.permission", "fields": {"codename": "change_logitem", "name": "Can change log item", "content_type": 16}}, {"pk": 48, "model": "auth.permission", "fields": {"codename": "delete_logitem", "name": "Can delete log item", "content_type": 16}}, {"pk": 58, "model": "auth.permission", "fields": {"codename": "add_tags", "name": "Can add tags", "content_type": 20}}, {"pk": 59, "model": "auth.permission", "fields": {"codename": "change_tags", "name": "Can change tags", "content_type": 20}}, {"pk": 60, "model": "auth.permission", "fields": {"codename": "delete_tags", "name": "Can delete tags", "content_type": 20}}, {"pk": 28, "model": "auth.permission", "fields": {"codename": "add_topic", "name": "Can add topic", "content_type": 10}}, {"pk": 29, "model": "auth.permission", "fields": {"codename": "change_topic", "name": "Can change topic", "content_type": 10}}, {"pk": 30, "model": "auth.permission", "fields": {"codename": "delete_topic", "name": "Can delete topic", "content_type": 10}}, {"pk": 52, "model": "auth.permission", "fields": {"codename": "add_forgotten", "name": "Can add forgotten", "content_type": 18}}, {"pk": 53, "model": "auth.permission", "fields": {"codename": "change_forgotten", "name": "Can change forgotten", "content_type": 18}}, {"pk": 54, "model": "auth.permission", "fields": {"codename": "delete_forgotten", "name": "Can delete forgotten", "content_type": 18}}, {"pk": 49, "model": "auth.permission", "fields": {"codename": "add_profile", "name": "Can add profile", "content_type": 17}}, {"pk": 50, "model": "auth.permission", "fields": {"codename": "change_profile", "name": "Can change profile", "content_type": 17}}, {"pk": 51, "model": "auth.permission", "fields": {"codename": "delete_profile", "name": "Can delete profile", "content_type": 17}}, {"pk": 16, "model": "auth.permission", "fields": {"codename": "add_session", "name": "Can add session", "content_type": 6}}, {"pk": 17, "model": "auth.permission", "fields": {"codename": "change_session", "name": "Can change session", "content_type": 6}}, {"pk": 18, "model": "auth.permission", "fields": {"codename": "delete_session", "name": "Can delete session", "content_type": 6}}, {"pk": 19, "model": "auth.permission", "fields": {"codename": "add_site", "name": "Can add site", "content_type": 7}}, {"pk": 20, "model": "auth.permission", "fields": {"codename": "change_site", "name": "Can change site", "content_type": 7}}, {"pk": 21, "model": "auth.permission", "fields": {"codename": "delete_site", "name": "Can delete site", "content_type": 7}}, {"pk": 1, "model": "auth.user", "fields": {"username": "gabe", "first_name": "", "last_name": "", "is_active": 1, "is_superuser": 1, "is_staff": 1, "last_login": "2010-03-07 13:19:03", "groups": [], "user_permissions": [], "password": "sha1$9cda9$a07b69933e1163725e968fab3af381023507d39e", "email": "ggetzie@gmail.com", "date_joined": "2008-05-13 18:47:07"}}, {"pk": 3, "model": "auth.user", "fields": {"username": "test", "first_name": "", "last_name": "", "is_active": 1, "is_superuser": 0, "is_staff": 0, "last_login": "2010-03-06 09:20:56", "groups": [], "user_permissions": [], "password": "sha1$4e14d$c1bb70bc849291610268334a9930ee12cbfa1000", "email": "test@test.com", "date_joined": "2008-05-25 06:52:11"}}, {"pk": 4, "model": "auth.user", "fields": {"username": "test2", "first_name": "", "last_name": "", "is_active": 1, "is_superuser": 0, "is_staff": 0, "last_login": "2010-01-10 15:07:20", "groups": [], "user_permissions": [], "password": "sha1$13bab$5a05e8e9633b0ddc82ce50dafd2a747ca8d6b237", "email": "test2@test.com", "date_joined": "2008-05-25 06:53:15"}}, {"pk": 7, "model": "auth.user", "fields": {"username": "test3", "first_name": "", "last_name": "", "is_active": 1, "is_superuser": 0, "is_staff": 0, "last_login": "2010-01-10 14:48:42", "groups": [], "user_permissions": [], "password": "sha1$65f83$43ed04d41e91e49d7eb3a550eccbee3cbaa8000d", "email": "test3@test.com", "date_joined": "2008-06-11 17:23:48"}}, {"pk": 8, "model": "auth.user", "fields": {"username": "test5", "first_name": "", "last_name": "", "is_active": 1, "is_superuser": 0, "is_staff": 0, "last_login": "2008-07-02 19:32:39", "groups": [], "user_permissions": [], "password": "sha1$23bdd$948b2c74530a0d4f525df249ad49b796020b3b72", "email": "test5@test.com", "date_joined": "2008-06-30 20:44:16"}}, {"pk": 9, "model": "auth.user", "fields": {"username": "test6", "first_name": "", "last_name": "", "is_active": 1, "is_superuser": 0, "is_staff": 0, "last_login": "2008-07-08 21:06:27", "groups": [], "user_permissions": [], "password": "sha1$f9c45$a24b75eeec72db38decfc1e5500b837e979d2927", "email": "test6@test.com", "date_joined": "2008-07-02 20:50:51"}}, {"pk": 10, "model": "auth.user", "fields": {"username": "test4", "first_name": "", "last_name": "", "is_active": 1, "is_superuser": 0, "is_staff": 0, "last_login": "2010-01-15 00:16:11", "groups": [], "user_permissions": [], "password": "sha1$9271a$c716faf8fa21b752063716021ef860c2bd0730a6", "email": "test4@test.com", "date_joined": "2008-10-10 10:08:40"}}, {"pk": 11, "model": "auth.user", "fields": {"username": "test7", "first_name": "", "last_name": "", "is_active": 1, "is_superuser": 0, "is_staff": 0, "last_login": "2009-10-27 05:21:23", "groups": [], "user_permissions": [], "password": "sha1$8e926$60c7000ac7900ad1a1580a6e929909d7c9afaab1", "email": "test7@test.com", "date_joined": "2009-10-27 05:21:23"}}, {"pk": 12, "model": "auth.user", "fields": {"username": "test8", "first_name": "", "last_name": "", "is_active": 1, "is_superuser": 0, "is_staff": 0, "last_login": "2010-03-04 20:34:48", "groups": [], "user_permissions": [], "password": "sha1$3bf33$d0faf615fafd81175520bd24d3f2c7b2b2a5566d", "email": "test8@test.com", "date_joined": "2009-10-27 18:28:32"}}, {"pk": 13, "model": "auth.user", "fields": {"username": "test10", "first_name": "", "last_name": "", "is_active": 1, "is_superuser": 0, "is_staff": 0, "last_login": "2009-12-17 23:18:05", "groups": [], "user_permissions": [], "password": "sha1$554b6$3b469d6d0ef16136f96beb500ba104ca66babba2", "email": "test10@test.com", "date_joined": "2009-12-13 23:04:13"}}, {"pk": 14, "model": "auth.user", "fields": {"username": "test11", "first_name": "", "last_name": "", "is_active": 1, "is_superuser": 0, "is_staff": 0, "last_login": "2010-02-07 14:50:00", "groups": [], "user_permissions": [], "password": "sha1$fafbb$f6218275a976f788176ed74c61306ed751a0b6cb", "email": "test11@test.com", "date_joined": "2010-02-07 14:50:00"}}]
